Llama #,Hash,Image URL,Rarity,
0,5Ev3i9WSG5X9iakoXkSr2G4jgkEPgn7TJy5SB53dtH7V,https://www.arweave.net/56lap0funkftRN2L7YHWzfpq0Y-mWBM2Wft-u5tG4B0?ext=png,Exotic,
1,A17MC8iVdXdsL8HTRBevqK8YGvRfsWcCTjXFy96LuiFW,https://www.arweave.net/jViRWA2zI1Z_oRiQ7oHNg_VQm0arXwQ4AOAlZMUGssw?ext=png,Rare,
2,Fi85WccbdidqpPKDy2UHu3Tdam46a2V1nvVubpZuboE3,https://www.arweave.net/9l8PGuTL34lKYuYnVysnqVe8xx7ssu94WprUMS8yNMM?ext=png,Rare,
3,28FgBgyw7Eueu375AU4Y3JVfmBXPKxmojnUkNVnDTHku,https://www.arweave.net/nBIVTalGwTmAMKw5-BfocEHm3IIw9Jg9ECouI44p_G0?ext=png,Rare,
4,3cFDBVs3oECNR2iA3TSxhG5YWKiJGLVrmejAcBskPVvB,https://www.arweave.net/U7LBhvrqPQIugX_tRD6NpCR-VdyHshlLNqS4eTjH92A?ext=png,Rare,
5,8C8Erj4gJqKJSKvhBSKpkaxxcRreRghtXLZD29SiAJGU,https://www.arweave.net/Np0V9a5n0WG-nuUobgrP2Qao74qdAAcMFbhQ-Ua78Jw?ext=png,Rare,
6,5516xnFg9jJPp8fhRr4jeTbAmJTkHuTkazNaYaWD6kUC,https://www.arweave.net/CBiKAnESHplPPvO2abgXISi-Pxr3sWi8hU1RyNLmxgQ?ext=png,Mythic,
7,7sDkJD4PbHPLKDD8AnrFxm29f6JdpwYNKhm5ZDVem4tT,https://www.arweave.net/DhFgjJaIT9QP0EGw1m9AbL6Z7EvXlkS7KsSI2l5ERQg?ext=png,Rare,
8,6QbDCrTqqXGZB8JoQLxYDzrvqF3erf9LnAJatoNPYdY8,https://www.arweave.net/ckaZtmwB-4iSH30DzEyCqIabraMimUvI82rHjrSdJJ0?ext=png,Legendary,
9,EeGgLr8Sib8GyYhpWHpEyN9fVLTgXUBV2VFmc4GJt7Gx,https://www.arweave.net/UCVN-vlVyinyXRBmgX5fSPo2yvWexzhUtKUKafJ3oQ0?ext=png,Rare,
10,EDkTrVFv2SMk1SLkMRha2N7fnRhZyMUKuFpHcxvzcoJr,https://www.arweave.net/uB1uQGHyKx9c2sA67Y8EHGXp-M5he2pt3acPlFYiYxU?ext=png,Exotic,
11,6v7HLQew2BC2pxGfSz36MDV8uK7hNdqaoi8Z8jf2CGeA,https://www.arweave.net/GZUzhQ6Uh-HbqNuue4ETE66i2I1LJwDGlEobAvuv17M?ext=png,Exotic,
12,9W5D1Scau3RDs8eUxVg4uzAnsESoTCxBY7Beip3GnaDi,https://www.arweave.net/9twRYMLYGYETjPosyqA_n_jB2GCzDMQq3zil0w4T93o?ext=png,Rare,
13,7zPsaEP2tUKYmRh3CaKctpPdYUh5yRjYAN9nngg4t6Fj,https://www.arweave.net/_17XCHXpkHiFbCviu_TtA5pQlFWXaReA5I4o_w9NTbo?ext=png,Legendary,
14,B7M5AfKNnPqNkfAFJm8beLzn8Ea85fcwLWTgHU2hFz8R,https://www.arweave.net/OQBR2kASPYXmAQyGTp__CkxNBNCqovb5Ngg2A2XFIFw?ext=png,Exotic,
15,F57eu8nHtAxqSL62CL472uXnndFD6qZBaLka3mVUv5XC,https://www.arweave.net/BiV4FacUnISuOKzWGZr0kHhmalOHev-mxXPK0zfGfUE?ext=png,Rare,
16,3NKYpm1vk27wtQQmyfjsaDcjnyN2qJqKbGAcWRgfg7vE,https://www.arweave.net/aBJ4GdtKdSUyApN5Z1oI-l26ojeKT00MgopuUB6a_Iw?ext=png,Legendary,
17,GFBb8ivdwSAmaFsMTA2K23qAuPsN6t7DpAuU8M2RN5QQ,https://www.arweave.net/LUHt7ptq4q8gC1bJABMHwVu6oXno8d6D1upzstBpwNc?ext=png,Rare,
18,Hb65mZ9DaF6kzxnSwCae9yqkXxqCwANc7UaXqgmSA3LS,https://www.arweave.net/tjwZNysQsYCrBhZ6vbiVBGA_ylcWttXNR0TLDqdoj8w?ext=png,Rare,
19,5fc5AwrHL94wFmxz7YQqSx9muUkSCXEJ52fj3ir2UaWp,https://www.arweave.net/THf2VVrBzvQ_qP4o4kR3dlsV-9aVqBE5eegxCdsZAdk?ext=png,Rare,
20,6d6mKNLEXunzUsQopjvWxTanxD7Z3ek5szQiEjv8yn6Q,https://www.arweave.net/p7p6zwsozZNJGgA1V14ebmqWYe2lx1_RbRX5oem80mU?ext=png,Rare,
21,6AprvYdj73P1bK1hYKSMHQwFtTYJxZrstvXMfzcmkvR3,https://www.arweave.net/LHSHjuTUWbX3stoU9m5UH1yeK_XspEuq7jeaSWSbZY4?ext=png,Rare,
22,HEpXSWewjSRDE5ERGmFusivKzmMUFdTQTWwtvzfXNLtu,https://www.arweave.net/tuceOV2rUYS9Kq6-hl_P9HE35cG_PmUKGcl70LvMcH8?ext=png,Rare,
23,FbAW2FFEqYPvHLHmhc5pL4wkvPXSAt2PmHSoVypVfiLc,https://www.arweave.net/OvIYydO_C8TQVMzYuuwQVvOkycGtGOMgwJVr3-_gLfg?ext=png,Exotic,
24,CdPhr9oc8c2N91c5DnXHxUQGNRpbpSiExqxmSqPaY4fc,https://www.arweave.net/wY0haiBWOW7vCwU7NG-RTdtt8OamMucUyT_Fn5QaARw?ext=png,Rare,
25,Ai6jbzV6ckPPbnHbmFFKs7UYf7ST4d4GG6t83gxjFPT7,https://www.arweave.net/Y7IaMTrvFL7jmOx_No-9IRm1_uentKeF4neGeQpu5Tw?ext=png,Rare,
26,ESKyqGdWgHjMB8BLwkh71cqtayDZ22c2MBDud97D7K6R,https://www.arweave.net/e285ZNJjoEdzRfPAOHgD-TjojcGUlS6X0FMPZ2IBXjw?ext=png,Legendary,
27,HtFhFqHbFw5Rsv7qceN3WQLxE5Wy4Q9Vy24ZBeYRutpi,https://www.arweave.net/eZtPGbnIh7Hv7o4vhJUAlRSjBfaNLZ5SSB5-ozNcKmk?ext=png,Rare,
28,D1yKPwC2Ypmo4PFmgKt7rBhUPnSM1YyCnQS9j4J8KdWZ,https://www.arweave.net/78J2PEjQd5EJlZh-K_3sOXQBY_5R8DDdrmgUj5KMOGU?ext=png,Legendary,
29,J2ENEYQifUzBHspUvs7QYRbRghjru6pvrbHGVJsfiQ6U,https://www.arweave.net/a5gRZ5nTUvwB3MxBY9ms7uBp8tXXrVhz-fY8N4M28Fo?ext=png,Rare,
30,HNJV3heRZTPwn7xVACeHo2SuFHfq6iUJZ1mSrgH5zZ4A,https://www.arweave.net/axNnnmKzSf6C7n9lwxpn3nyRIzd4nXLu38xYOYXf63s?ext=png,Rare,
31,9wo3v8DtagwqzzQSBuLQuxoESLjjJZS5ELw1YqGkrNSR,https://www.arweave.net/bqzsk316Ewh_t7rrej7EQLKUpuLFQxsr9x5lJNUlXRg?ext=png,Rare,
32,5orYxmjEnkVtdSxsLUt6BePtyNAAa1ak3KLZJ6UGNkkD,https://www.arweave.net/3h9JUy4vnp0PoM7EdiUS3Hd8IC5BTh0X0v6p2eln-2c?ext=png,Legendary,
33,8Up6755C37P7b9YfTVPNsRvG3rmZ1hubXyfeBJ2JQpCq,https://www.arweave.net/gRCW5c1wPN4Ej5j_rY9y_e03DviS42xsZDJqL23Ice0?ext=png,Rare,
34,BjpT3crkfQJT1ywg8f7b86K72W4W6adKnat4MCH4oHw2,https://www.arweave.net/zVPpcSYU_EmCKnp9yknERRXnZ5_ni_R5w4jvE5CNCTs?ext=png,Legendary,
35,AcvpQdnw8jpPXexMi6D9o4keeTiGWJzSU9FZbNFEQrBW,https://www.arweave.net/bhBVL_F2V04NXyVLNphc6EibhSaa0M7nHdHXshsYm-c?ext=png,Rare,
36,77PQuuk4doQnpNGAqtFivP7s22gJq4tJuEU8RFD13pUa,https://www.arweave.net/2BuSzrsMOaoCrHKG9i5cz7mJpwmLXZfsp5OJDHb7Yuc?ext=png,Rare,
37,Db2JhMHCmLmcUVFCBccXCYAhtcrm2inLPzAcJqkYLaHP,https://www.arweave.net/36olq7UMfWzqIc1J5iiSKkoO33GLJ8_eWy4rD5YtLJU?ext=png,Rare,
38,DGg4HUNHne7hwTK4L1f7Khfv7mkPr5MRQ74LcByD9mRq,https://www.arweave.net/SDqKLh9MgVbqwV_GslMtsuHHTZjgBimtHkBs99S2_Ck?ext=png,Legendary,
39,4PpSwXM5ueQaMGpkEe2fDMBst9YFwZwhuvaHgR1vQ2Bz,https://www.arweave.net/FVcFZVd_zgJWdqEhrkjPxfmnys2Coy1uCgVmJAe0_3k?ext=png,Rare,
40,9VT1wEywjb1QicnLRMz5WHBWGgM846ggvxMwFNqeHeGw,https://www.arweave.net/2JdCd4LQLcb6wElBix3qx-MUDwdNYSv4FLXIh1J_VDU?ext=png,Legendary,
41,JAQsdL7fc2KB7fceVh32J9d9jUCEzPgiczq2JunCk4JW,https://www.arweave.net/zHwZK-aBMxkxsB2K-D0WmdzFzqoOeUgRXT72r8HBvKI?ext=png,Legendary,
42,Emui4bn2zqEJa52N5VHTUHQgJBaaDudVnCr5hEDLvwLc,https://www.arweave.net/O-6N9RXYvljXuiZakr2uo9gH4OdO_GXlzJ7U2OQTxp4?ext=png,Rare,
43,FLudXFCE9ssvYhfm34QBxeREwJrnNRQUwmUHwFegUYne,https://www.arweave.net/_Opt45NZdJWHkiQ_wnH0M9baz9DSekLuv40JqMDU014?ext=png,Rare,
44,2gprJ2qN9bnvM6bei8E3SjKpMubt5pLbR7NwyRBZdp3N,https://www.arweave.net/ZZaQzqgUpJ1rASlt2zwGUJp8nq7Hp2U8dqltBfnpRec?ext=png,Rare,
45,EczXH4SJNzRNALCxr4PvQYypDqQdc5MyBR5q9F1qsCcP,https://www.arweave.net/5Ts3TBBqqr8u1j4_ZaFCjpsk1SWnE95fpipuT8OY1l4?ext=png,Mythic,
46,CAmvLx6KHYatYbZCcNPoWK7JYLKga8M16uQi2XjWh9Am,https://www.arweave.net/ZOzR_RTpXbVSnwhwUERPfjZSTfoKbi8hzKs5ybebD0o?ext=png,Rare,
47,B1Qot5LjGFstXDRy3qcKrXCLajUDG5mFJyhzVgpq4vGn,https://www.arweave.net/zKl-HxBRjAD6OQCWQ1yKvUsBlb7Sb-Y0WI0dfkGR3FE?ext=png,Exotic,
48,8TTVzTrfJQT7FSyu1DsbbG17RpzER8QMgCkahRmgTHdv,https://www.arweave.net/SMk43XxADxpvMSL7uecg35_9_XCQl7kHzyuQKQD07Y8?ext=png,Legendary,
49,FXHVD5LZsBFeM3tnU4iysnPhkBJc3vCC4MovkHoggtmd,https://www.arweave.net/OIrYVbu2guwSCsuu_qa2hla0CsUaulJ6kDu1lmD9sCk?ext=png,Rare,
50,DEnke99n9tn6nSUskR3EZ5jDtdhamRqj7joMpSmUFqgb,https://www.arweave.net/JfAy-A92FNlOPOy8szrGN3B-XgZjb_W-s4w_gJlTl7M?ext=png,Rare,
51,7NqghnnLDNnJRPpF9ePKaHfCsMXty2e3Lq6xA7DfxHba,https://www.arweave.net/2MxGeIbBj61dyovMjausDx30FyeK-bDvr8EK-BIbrCg?ext=png,Legendary,
52,BkBXbNqzLkTCG3jDcNJtPTX7ooRNeSKQhGD6fQH1gWrd,https://www.arweave.net/XvE249ZK5qDgUXXKZu54MqjueEhpPqBStfYpaCNh9sw?ext=png,Rare,
53,8urBKU3Ai3WFEZLNTUVY6ACmbsKvxGD2cnsH8FkouutX,https://www.arweave.net/sNZWXe46d0cr3_93KlIbYaJkA_6s_C3_Uh5jqXfYOZ8?ext=png,Rare,
54,GCSyMuQEpagmUzVEABcdFWLfHyQUUboomP1q442ZUHLn,https://www.arweave.net/YRFvcxHFkzwgXnRwXjQLO61C41hBY2h66QfnSwoF5IY?ext=png,Rare,
55,3dNDXuj9dbAT5BLHBn3SmB66SZcehqB974b4K4AN7QwJ,https://www.arweave.net/ErXJAek3OPsnxYX2nttKRf7yALNB4G7DQpTjtMd1RC8?ext=png,Legendary,
56,FeaKMkShzhxXi7mL7L3NCn9REtLmGcsRjnniSwrdZ8Ym,https://www.arweave.net/YkZ-RV1iesy_XDku7G8nOIBC_qdDpsTEGI0LfLSvUkA?ext=png,Rare,
57,DFzCDYzavirL9LYdfcWYghZjZ7QVTwtfVnGATkcMzKKL,https://www.arweave.net/bilmR01RgRRn7Wrdbd5br8Mtokb5Gv0WM8iRIZMP7Kc?ext=png,Legendary,
58,EWNBsrMSxk7fDUizm7HfamcazyiYLUzL4xNPxjc6KzK2,https://www.arweave.net/f8HIuRIbL9UKmNFGDK9VTeyA0boqSIaOaao8WubfFlA?ext=png,Rare,
59,7eNgdnGQJJYwy3bZ3Zi1QtcVdrAjMT7p4R2oWUSZmajP,https://www.arweave.net/Pyhcnk87kSt_y9VevTzkQz8zkRblr8I5N4BWggjUX-w?ext=png,Rare,
60,CP6Xy55X5D8YgYSP9aodBSsrNUSzX3pNsSJAXemwnq74,https://www.arweave.net/DvcJ2oAaRNav5bsVjDOL_odiP_M9KOeFb75RhZyqL3Q?ext=png,Exotic,
61,5fm8j3QwbCSwfrGbZtNnZZoW6PyHr1n8DWu8DdXxVjUW,https://www.arweave.net/zPFNQVcLR3dyT4UeM1l6BNtPrGyQKYgYH6jDb_NEq30?ext=png,Rare,
62,3aXwWu46uNztR8QLb41BymkHiYrNK61YVdzx57y2GVXG,https://www.arweave.net/BXMvjC6rv5L87mvXBq1Ps_I6rXVqKozALx8AFopYsQM?ext=png,Legendary,
63,4S7ruKGmV2gPyMufdd5AToqZCfu8TFuNjiWEH7NmtYn6,https://www.arweave.net/T-BhFp5aMHoAGO6O18emtMi2hZu5becSNhmeSFHKpkE?ext=png,Rare,
64,8QYri4Egx6gvVnuBbiiUknS4kDieppEDg4FKrXTjFrYp,https://www.arweave.net/Jz75byortTi_bw2WpZZflNaHaA3Ip_ZLZ_WG3BIRALM?ext=png,Rare,
65,HtGsrwZxiXWyr1XpMRk795McD1NZUcc2DCX591HD4K2r,https://www.arweave.net/g5ZGrZYaRcwFbEgQYmVTlnAjO8BdfvWPre1eDktN_QM?ext=png,Exotic,
66,CZKWMs5yaVVYzZ1hwACMnHYZXAGm7TgbGaTWSx8bfqzK,https://www.arweave.net/srhRH3cGefKsZTN5eZ0lU1M0IfUIEPpC_bj7UALDgmw?ext=png,Exotic,
67,Eqmox5GtyXSE1JFPMWhqNFwkfwkCTXtknfir6LnRdZ2n,https://www.arweave.net/QnYVKvmKRYSUFtxME0cTPSAtXhjCs2BgnkxPJKwSLhY?ext=png,Rare,
68,33uMTRreobAmUHqNEvUKN7L6LoXLjj85zXfu8qv3A8WD,https://www.arweave.net/M_nBxEjFl3iAsULvJFT2fCNGYLNiyd-Bnxx9Ewkm0bo?ext=png,Rare,
69,99LreTDNSCPGkPYQ3KNzw9rvP5VrVj9TW2rgrNnYP1Rh,https://www.arweave.net/uf2mqAeyjbYksuP4oZx-KkjnfkQFC_efVP5hNYFAxqY?ext=png,Legendary,
70,2pmd6n6F8MiJeJ7aPDe3JX3N1GXpeGgHYmx8ujav6oXi,https://www.arweave.net/gHTNGTHOOWLuoYedDSJfHzfPSKYso7gj5k-WdQ6etkE?ext=png,Rare,
71,6Ab818jmUHMCo8oMqUwGBhnQdsvNjJdJZebeGpiehgf5,https://www.arweave.net/iAy_gMANWyJdbTNaB0BlTOqfkPF63OyS6L-WDH-3L-4?ext=png,Legendary,
72,AqFGrzxzHjp6NZ2q824vUwhPGtkAL4rK9VtY691b8eXT,https://www.arweave.net/MxkXcBa585Efhnga5L2d5Y85Iz_j0K478Hj4mASmL30?ext=png,Rare,
73,3kgfwxoyw6aChZSNqk2w4rp5wqxcmx4qGp7iEpHuqKZn,https://www.arweave.net/VlUly3_JBxmeO-2hWQOphzkprR1Dm1HqwdavGwFFQqQ?ext=png,Exotic,
74,EPJ2xLg5UCyz4ophmKiezF64HEPg1w9EB2DWxRm1NcMt,https://www.arweave.net/OB4xwymoje-LSPsk_f7I-pZDCiwXN3LpTuBOfyC2Jm0?ext=png,Legendary,
75,9ovKrWmLiFrZFEokYDTECkUuRdhEBGeVJgb3RQo4jbvC,https://www.arweave.net/6Q80Ck7KTa9VUHGWGteIwEdaPsrNr_E8oEBI1LQWiR4?ext=png,Rare,
76,Gnurgyrg9SWHZXYhiurH5Umf4ec5n2BdagDBRYtVJ33Y,https://www.arweave.net/J3DU3xBRmRy2BZHACgNXNbh8veJrt_H56UgwfV--EOE?ext=png,Legendary,
77,t4g7ZFqsUypR13ohvXN5xHdgcQz9YofTvKDXr4wuFjk,https://www.arweave.net/RhI-uwcFlwBlTJ6ZxZtuN-plmYaezfw7fLPqhZxAdMU?ext=png,Exotic,
78,8pg3ywnuG8kCihhCEb7ScLv7Kq5YhjepLBVEfXPE751D,https://www.arweave.net/nynllDt2wDWh8QIdjAxWSMfSJlAmMeUNbKrXGBVD_4g?ext=png,Legendary,
79,GsDZ23TiR6t2ctJpGjs1ZDURPcdo8pASd1nJqZX7Psf,https://www.arweave.net/3DgEzivvqN-glC__6J6mYO8IhzPtzkbhDqcvRp-tz2A?ext=png,Exotic,
80,7xEJgBMvGUgU7CKvfDxNFzButPHtd5aTt8KfK7Cmrdo5,https://www.arweave.net/Ofke1tvt9OOuw1P1fw_wqDtV9BEHhTkBcWF9FV1fV2s?ext=png,Rare,
81,5o8QEBuLY3gDDCELVcspBnvhJfaxGgaQsRGkdP3WpKPn,https://www.arweave.net/A9oTTuK50dPeU-kuw6UDZgVrm4MicH2SnATqNH5BJ4E?ext=png,Exotic,
82,6zRdA2bBApSGbqw8f7fVGViBneHTviUME2B8FUjvz2zw,https://www.arweave.net/ELvxfKdkK9M06hxm-XZBoCnnF3bWI9I_hb-TYoyX3sg?ext=png,Legendary,
83,ZwBzdRm6vDadqUVwLnHAegdzU4KjmcAQa43KRuWWWwY,https://www.arweave.net/psM4wl-Eoa0h1esCNOERzUcgS2JUoblMcdI3k4jbKJA?ext=png,Legendary,
84,HPmASwoowBRdjqY8s7GSSyGTUAwDysNJzuZDaBAwpb4Z,https://www.arweave.net/juDhQiuGYk1dIO_-OHRXITS3FDugLOSXpdvft4qV0o8?ext=png,Legendary,
85,HuiVnP3SkRD7SroEWvMusXVhzGBBgSDhQs2dZm5BQ9tR,https://www.arweave.net/27CS2PcHH42O0q5aAu2h1Fg7iCvVPJ5-n6ZAjH7PFVQ?ext=png,Rare,
86,8EHhidyDiXp2rqzUC4sW4prz2GEQKeDZen5hWATBS6ok,https://www.arweave.net/QDgtrPxhg7jIx6qyPt_hHeZS2R14_V-xrLKwsnO_23g?ext=png,Rare,
87,2TzdgXF3Ubz9LuWVL49iVZAbre7extmRH7pubRYm3rBK,https://www.arweave.net/LRLgaQKgpU0F5Wg9bGmn7ChYGYnpNzLQBfyAMrWihvk?ext=png,Rare,
88,D3Moe9FZGL1QmhaT9TmUjN3txnMHdKqxQ4qBTgPxEftd,https://www.arweave.net/Xly4vxaiWgxOtXbvfZ_O5-wIfQ1hNkmqUEtzUqbSDmA?ext=png,Rare,
89,H5XhXYXYR1tBmRKvviarzXLAvh6GNsDVenEUe1AhdBRY,https://www.arweave.net/KT71g40v3t_ihjNXAQQvUsG7JC5K26dmGYP3zJ6iAY0?ext=png,Exotic,
90,DkEsZWs2z65ypeD7orBWLXkwABxSdXQjimnxNVaF8Dj5,https://www.arweave.net/7fMMg6jBuwzJFg6AHmWGthzP1vzHJSTAAMcHWBQcTiU?ext=png,Exotic,
91,Dynmp5ij4E4Vmex8ksGPiA5nzcfS6BHxWsyupFQinFFw,https://www.arweave.net/fSBzhmb80wxbdrIF2nmBmxNI1_fOWGziNaSYPNpOmhs?ext=png,Rare,
92,Dvaiuqt5jYYFwRzq7JgWb95ryBoSzKY5zkMzJRAUDN2h,https://www.arweave.net/NHK5ChuftNTHoKj2muw4anWKpyJM9noLayr9tJS8mf8?ext=png,Rare,
93,BFXeZDSZPGF1H6N7Xkxof2DQTAKrMngY2WqQLhPNZsNX,https://www.arweave.net/Jlri6xFS6McymDx0uXqvl-_suf-5FmVBAsxb9YyN7Q8?ext=png,Legendary,
94,HxZrX7QqyEwN7DWgH5SiGVZnDLf8GCmJxLoJPyazozPk,https://www.arweave.net/Lyp6HwCOwWksNskJl-S3qyfNfHNQmaZynWtOBspf-uY?ext=png,Rare,
95,2SG6de8TwuegX7BoLC3eCNvaarvbbcELfXUDZdPWzPHK,https://www.arweave.net/kWyIFl24QjLRRmqhF7slydbJPm8T12cPFlNh3dx307M?ext=png,Legendary,
96,4F14fbeNvqd9W2ZzL5CT7o4n2vM1EyndxSmqbHrXd6G3,https://www.arweave.net/eMJD8Jq0WW_yYTlcsU2GVdQEYCghiL3xpcGxs7J4Xu8?ext=png,Rare,
97,8qEJa5ZsEgjAwuTQWAbYo59DyTPnm75WvigBnU4NKpyQ,https://www.arweave.net/_SGYSrr9MZ11Ra-p43mzJnHNhAyQ8hjU6mxhzKk5y4g?ext=png,Rare,
98,GrtrhZz31mkwYJ6guEvj8TReTECbVuJa7PE832gLf9mG,https://www.arweave.net/Ne-zRyQI-aXFIJTuWY-5Rjfa_ThC60CdAkmLzbUBAwE?ext=png,Legendary,
99,EvCNBqdjovL3VozFo35n2v4bG6QZxxgaihrdiR6Z88Hy,https://www.arweave.net/wnj1twE9PH7RA1t7RIw440kX7gM6KcNhnIvccVec1-g?ext=png,Rare,
100,5oiu6PF4MBjuK4jHs1q4U5iAXgLS4DB1eHbPjPfTVyda,https://www.arweave.net/Vj6X16WTbuDQAt0Z7d9n6y2JlOOGejQ-Q_VEgo5RO38?ext=png,Exotic,
101,7wCFfyPJAmz1UF82sE5e7jYLDtxh1Z3scTgCCB9Fmu4d,https://www.arweave.net/mAsLSEOMgAz8ftKoIuk8hmkZimn3E4WZg7WrnIcYxsw?ext=png,Legendary,
102,J2XTE4BBVJ9Ydor3fYJHsVZqTCBD6uDNxvLSBSinYxD6,https://www.arweave.net/Ne_INb3x8Bw3YI1nlsqvL3sIhuUmKeMz3KO61CJp8as?ext=png,Legendary,
103,8qak5n9tnHB3YHxUAZuMjYbtFr4vqMaFZkjNVTQyKBcw,https://www.arweave.net/jLDZJSZF7WT1Uk8QeaiDqgxyec1CTQHxlsVTa7xIIrg?ext=png,Exotic,
104,EpvyhHshZ94ceJFSD3pqddZTiJd6yVWk8XQWNC5QTfdc,https://www.arweave.net/dV0FP32GptKU0mA541Z58h4W12c7d3vcg7ExiZMRSTc?ext=png,Rare,
105,2WTifFjXLsHQGMiqhyhnHZXti1s8KAN3vyptSZM5ibwv,https://www.arweave.net/PJe3VnnqCxNFvUU1SymApH7dcBXPUU_0DpODJPS1TF8?ext=png,Legendary,
106,6TFWVB479xeqLxC3DcD6LQbTTGTrWPEkAFvy11ArKSVj,https://www.arweave.net/KDeWbAh8KrvU_gDxa4dmCP0OLI7tcax55lvxAWIwgnw?ext=png,Rare,
107,HXrai9c3a2gQnRFMTjh4omrjoKANm1syonVvVAjUnuPL,https://www.arweave.net/ZzAPYKYm14CsuR9YBunqRxwo4dwG26PlZKlt4xGLunE?ext=png,Rare,
108,HnygYmjE7hAKQFbmU11HAJRxWkreVk2LhmHaQZf5CCAC,https://www.arweave.net/wxrey83r7NAHESsJXAp_nATT20LYbDoUirHzdKMzYgM?ext=png,Rare,
109,6Q5zJBqnLMMWSSQGDQyMjbReyePPcuB5i1kE8kjA63MT,https://www.arweave.net/SAMNUvVGxS3pdsu9eGGgL5NOHb2ha6l3ocRJEn59Eu0?ext=png,Rare,
110,388CRmLod1tPTS1ynNxYyv5uSgmASwhhjZ6QDFAZz26V,https://www.arweave.net/zqaY9wyU0CVxG7_2rao6Ff-LTxVpM2CFGlXINFbk9dE?ext=png,Exotic,
111,BQzy9Bj9QzeAUq6wne6YLpvShqcr1pjyqHkMRTxGv4Yw,https://www.arweave.net/79xEfjmEKWtzORcMQsjo8ChGbzfTy0y05NLxoL9r2L8?ext=png,Exotic,
112,CPSW7yqDsb3pALfoG3JnqFEjr1HbjSQuMvk8QknYXcHB,https://www.arweave.net/78ROr1b2UtnOtpg_aGTM_6ovqizhH38_3N-xK6U_ZnY?ext=png,Exotic,
113,6RcEQ2m9uAPQtp8Qc2X2rt7bckCNKXV6hVfRHC8Vaby,https://www.arweave.net/A1e3iqS8wzXzsnGws3k93iA8qjESG2mcWgKUkbzjayc?ext=png,Rare,
114,6WVS8bNk2udCnYW5nqKQAzbCgPb3QX1AeXMh9vknkd8o,https://www.arweave.net/dVVyJCox3kJKsqWzBfSlvbyuva3iyZEeNP9uQqCy7dU?ext=png,Rare,
115,Bp12wdYbJDw7TVA5oStmsZf7sKYfXb1kZ4FkhFLej6zo,https://www.arweave.net/7_n41kXl8t7S9HO2QTHDa8jG6PM0Y8gHmes7Cy_DOII?ext=png,Legendary,
116,8rebby512GjpDd2Ke8VPJCiPa9oUxu2JjfPvoS8wEdzr,https://www.arweave.net/MbvyJPCcSskU5ipyJTp4mfw-19vnN0hSqwcg26kCA7Q?ext=png,Exotic,
117,Dc6WjQuhCypVnxrgauqG5y3c51B5EKTt5RrXyKBhVm62,https://www.arweave.net/KXW9QxtVJrf0nROJMUSxtyQZ2xPwWxxgQzYPeUn6j8Q?ext=png,Exotic,
118,HG3RBXgcCCJh8moojdK4nRZBTb5S7P7eRKymGKg3ALh1,https://www.arweave.net/jAae2ELtv9EU7tTyEKaQFANKmWQkBj6oQ1R0BIAnSrE?ext=png,Legendary,
119,EmHeRY79wFKFk7EL81AbJz9zWvdrQWJrPveWf5kr9ZQd,https://www.arweave.net/OQMpN7uEf0FH0UobZ8kTqJHqEKwvHNWslUW8X7dEHM4?ext=png,Mythic,
120,2VSwfwcBmXkriBS5Gk96SyZKhhZvgGGsX3eYfwhDcYM7,https://www.arweave.net/ZH9odWa2qWQj2T0D4i6tq6q11QtHuQ9gE-uWe8QhU28?ext=png,Rare,
121,HFobXZHFSk6ea7kYSj44ymr957vj8V63WTGN74gTC2dX,https://www.arweave.net/sdKzevMqRz9bPv8oRasVdIVOknw0-DAQdV8Mn-GOviU?ext=png,Rare,
122,Bxh7YdZGQQfB7zCyZsRiwgKJJXhRWyq2CTToycFGLNgH,https://www.arweave.net/f0pDsAY8juRR2OejWhtOUinvgwbcLqeZoXQ8Hg_j1_c?ext=png,Rare,
123,aQnprZcMpJXY1gP6WRYnThj3myc472rUgVWNhvc3PYC,https://www.arweave.net/OT2Jqc-u-KurRxL0oRRVCj6YsTzyPgF7oWTkh6kJxjY?ext=png,Rare,
124,6pwfLJTSYPz6RVwNAWD61zVzLzNNFa7zAxc17dvqbFBm,https://www.arweave.net/t1T69a7j_e_UPwjv3yZJzTFRSyGC3ZXMf1gBDR_Ncds?ext=png,Rare,
125,AkwN3UCfwuooQ9jq1XYHE8y7mqmsh1RydnHkAsSLhgQ8,https://www.arweave.net/-RwW_o_ejjQ5-cvTk6LZY2MizBAsU6Lo5fKhZl3sLhg?ext=png,Rare,
126,hBzrm7AkVP9DAb82hNKYWQtE2Bu2fq58dDYnetYWYMr,https://www.arweave.net/0SZ7urNYPiV5p0UH_z5_5OynK_9FpDJXiU9nvfqCaGI?ext=png,Rare,
127,EjQYRSnAmahL8nnFeMV1T1kJKuRkW612dSqX8bx6KFit,https://www.arweave.net/jk5yoTlMixGe63TNbRthqg7lifjdA2kUf2x8pSD6vn4?ext=png,Legendary,
128,xwhgxHeeE7SfMKBqHwQxndzj19HxQQvRzr6tVPZdU2z,https://www.arweave.net/gEFN_2MXy1xuGcp12_5Z9aNxr0DlwwB1bxUvuzWXxow?ext=png,Legendary,
129,6JaZbwVn48iVgBfidQ3XLpyKvtbu6v9KABRuTfTfMXfe,https://www.arweave.net/zgujcrMPl8Zzqc7DCVKqNF0EW08m4f40IbiaVeC6zBQ?ext=png,Legendary,
130,9ewcERWXnrxTE6FBNJzpQ2Qoe9U2gXAFJCF7jvbcRsWq,https://www.arweave.net/6Nuwcn9ft5gLMPbA23zrzufzvqi5_lwmdhHZvJmpNuI?ext=png,Rare,
131,AGALuY1MjKLAPYW5t6Vn28r6MrrcQCRsAMpLTQG9gkdz,https://www.arweave.net/DuioqJcpTgTaYVFN-7q5lhsMITn_VB94ZQ_AnNmS72A?ext=png,Rare,
132,5QoSMsQ6rQKxuTAQNEAH9Y3aGXAJdBqcd8DQTkoyZ7Kz,https://www.arweave.net/ydmoD478HtiuCdFBPszIt4wRNrteih2Z5Wsr8fN8Qgo?ext=png,Rare,
133,6FwgCp2zjwPQuoswpYLpMRyQuWtoSrSRxciQqS4VLPxP,https://www.arweave.net/XNZ5AnoZAFGaa-ulza-9U_SvddXJiJ5fZ49FgEGdgi4?ext=png,Legendary,
134,CZxNSYAU49YbLcfw6THDKkYXAiSeotKiNtoiVPqzcqZ8,https://www.arweave.net/rFNndaj56dOyYHjJBJ9t7mjAo8dlO8EpXbEvP9Oq86k?ext=png,Legendary,
135,CPAavwTn99HwjypYsuLuxYwU13ftKkhJH5LVtn4R51Ez,https://www.arweave.net/lJgiY56ZozDf4Q-E1yLdReh-i1jQAT8V_ni9u-sucnk?ext=png,Rare,
136,HUeA9erzozW1nCzqHhJQ2bcg1v2Ss69ZQEi2eNrG5KBi,https://www.arweave.net/4HGJfWoCHM8BLNP4j_-KqBSMsbGu9LeTZUtd7As1B-I?ext=png,Legendary,
137,H2dXmjCayM3G9WkNiL6yPFLxyQvEHsYAY7jpu2sAHikc,https://www.arweave.net/drg4Ue3AyFceQO6-qk-xpNl-qAau660snQ_wXwPR6hA?ext=png,Exotic,
138,4w1UVyWx4y4UNA6ding5a9Kr1oN96S1r1bTC7t5CgiJP,https://www.arweave.net/8xpZKI5cC4U-c9yNhmO3cHp5HoeZktYqK4AQR9vOlt8?ext=png,Exotic,
139,GcTzmjYxWVSWfeYswAa4QJ31fEJL3Kzxks7HwkunQUmF,https://www.arweave.net/VI46Tp3e3rqY0S1lqh7SkPFkOHOiGJkDAc94T1MHRHg?ext=png,Exotic,
140,65xDZMQe9DdBDFEkA4qjLxAfmGo45y2B4MU9mEU2KFdP,https://www.arweave.net/clbmnVtWIye5p4fwBXWlpveZuhlAu3qsCOcbTg4rGrA?ext=png,Rare,
141,GLLBfN8aghnz5BjFMRVdSN83eQDipgHVigcYFstoMPoa,https://www.arweave.net/vzIWS0cDsY101LlbZHDNPHj9vaWIt3Kirsgczzy4ghQ?ext=png,Legendary,
142,EJZ4YEvRM7CCtCXP9ucPWGbhu4MffCkzdr7X7LyTbSAJ,https://www.arweave.net/sSqZvwv0FMS3CchU-uwBED0I_0CuKMud-pY_n8ia_JE?ext=png,Rare,
143,CeVAxRMNUQQTbDLckyKbCmhAxhkeSXEoxAuEJUeuZbRD,https://www.arweave.net/LLszp1HyZNhumZI_wWfCL6oIBond9tiGjo63EVXH8p4?ext=png,Exotic,
144,2uhTZzPzCqhDbjinGygyfDMX9MJy9TcEsnsq24EQdKNH,https://www.arweave.net/k57LyqxJqcuhh5p3Z-iEbxH9czOY1gFE20O4claYlvM?ext=png,Rare,
145,6P77Z5MkKBhHagB4gV541ES2QxnmJwhmVQuWdH9pb1kZ,https://www.arweave.net/TTtNi-DfTwbQDtQuBsiApkXA6UoQELWLytzRAIsnc3c?ext=png,Legendary,
146,4AGJkGQQhAWeW5FSKQ2hFNK2gcUGjqcD7zJhJHW9VU7W,https://www.arweave.net/zqbpjaYvXpV52e791qhoIaNt2LZiAGu2_rHbBbGE7qQ?ext=png,Exotic,
147,FL7BSgVMjxUM6H7jf3Xu41Q9JVeenGDQdT254QCGqa2g,https://www.arweave.net/WX7Zune9hXpCHmALxWusenTKOsLkAET2D5br4hfD7A8?ext=png,Exotic,
148,FjRKLxXZgA2L2dVh7bokC3K2KQwE4tXVpMEFpmuJPDFs,https://www.arweave.net/_oNhJz0tKXQV_KN1kSqWjVDioLlPaTjGiyop9jIlWqo?ext=png,Rare,
149,Z9NY5jLjzW2ckW3RnjTGD7BJpeJ8gih7aatuAK1gixx,https://www.arweave.net/Ms1bcCRMUlxircToJk3BiT8ocT-_hlVEmvIxmLPceJc?ext=png,Rare,
150,VLx5wL1WfaSy5VDFMe2WCKShCBdAv5wHcGwPAsH3asS,https://www.arweave.net/9t3t4CoYtGg94n5FZFt5lDluDnwhCX5g1ckk1tkpoqo?ext=png,Exotic,
151,EJk52rDtE2BMzH8CqLqHNg9v2PJRr5EiM8QjT2wujork,https://www.arweave.net/mfINwdF4ty-8w-VsdmAMOHUOJ6AaOwH2dSsrZUwZOG8?ext=png,Rare,
152,3vRarGtpaXw6ZZ1GbwyYEHUYEu3rb38NTfHcNEB6nRfM,https://www.arweave.net/Oabc7s0jH4XkZN6lJf5I8bbv7kWjO_JEXCCouFdCGGQ?ext=png,Mythic,
153,EFhSFbPw2T7jJo1WsnDam6p5LjugCFSGDhGfevccht63,https://www.arweave.net/2EMjJwXp0WNjEiU6vgmXVSYvfrhdca4VM2qDTGerNNI?ext=png,Legendary,
154,FmXAEGteymaU1YDuoPMciEHLnysHk9mejDARtDNtwvNE,https://www.arweave.net/ORoUNHaEpEJlIkhGbvvCBxzYYgvUpXgXSM3pI9S-lOs?ext=png,Rare,
155,5tqewcML3YXwWf624dDKdvauo9EyQT1F1EWKJBhthG52,https://www.arweave.net/ul_2b3CeZ-LTDntfUiEDoYsp17jbpQGZcjjfnSKk3FY?ext=png,Legendary,
156,GkdyrdhWPpaJQ9phAMj4RKwRHmGYrnCtRJCX3SF7ABgH,https://www.arweave.net/VmJjSUPSMzinvk7yy5aJVLfafscI5WPNdYM351f7FNY?ext=png,Rare,
157,ExmqTTP6iA1rbiMG2F7zAtxcPzBUJnasJpGXvThVLjKV,https://www.arweave.net/KydcUaFq_w7rUo456wUcUpomYS1FdY709gG-PiXSDRc?ext=png,Rare,
158,Ek2b1vrf78RmSHNYV4oXFANsQCWwgsUX2M6Q8qNqoXD1,https://www.arweave.net/85o2Oe3eUY5IenmUV3CdqzbE_F2CwZONnrf_CM_wm3s?ext=png,Rare,
159,4ZKJ7HSpveBP5GjYK6yBdcZY3KTb4CKx6GwMriigfCnW,https://www.arweave.net/GGUWUZCZicQzjP-Jc9GZq1CkfUJOXDQd2w87pnTRvb0?ext=png,Exotic,
160,4srNfMR58ZPX7QprNCyTrTQfxJ5uNJRyhE3fZDgN9uPQ,https://www.arweave.net/NRsCRRPXLnBf2e3YNI4JMPRqA8t_jxC7R127diITShk?ext=png,Rare,
161,59MqZUKG9CnzMig1NkLGD61b2cbv8UnRuJ825oTnqYc6,https://www.arweave.net/e6zwmv4t6UGDpSjq8kr0whmSRtNJ7YYtfxjRTYBgTqU?ext=png,Exotic,
162,29ZpSv1bVKMLDSe9BZhtNazeSokkaUdCG8u24VQUZAXz,https://www.arweave.net/PzRyNtIIV5GgZzoyXA6SzalRqCwM544_IfgGugpQ8HY?ext=png,Rare,
163,2ZiCAauywPSadrpd7k2RAMG21KGNWf62PQDsCigXzWeZ,https://www.arweave.net/dmSaU6g_JN9xL7NxfCvniJ1qmQYBKclo117k9NasJSo?ext=png,Legendary,
164,Wt2umfQktihQbAowGQyiipSsxH3nYLqB39LtqFvCGWq,https://www.arweave.net/h9T8V5jCRJj40FyHt1XKqmDpHHuRqFVg6i9KTXSNM40?ext=png,Legendary,
165,HnHivYLCM32PtViWeJveSKLraLPLqQwsu5PS2Aauvdez,https://www.arweave.net/DxfpcL6niyeUBvY89Mk99OptN53N2EFrRqQovvKfp6Q?ext=png,Rare,
166,FGh4mZQVcAk6JPKD57C3b32y3wKDVWhktcPgjMLDBhHF,https://www.arweave.net/ccBe-XPPdNK6g4eE40MD3C1gF3O7YQeYRxU4EIxpWuY?ext=png,Exotic,
167,GMzHvNVKRhTbpxJLg4RPMU41RdaQUiF8B39WMMqt3gRL,https://www.arweave.net/FBGOn-A0wp4G8C_e4fNrK0Vl6tno0WHSxU7MNKAvRWA?ext=png,Exotic,
168,3AK36EJvBUitfWtPnkU2PLrLGApNwR6dUSF9NiG2dah4,https://www.arweave.net/Af0sB-YZsEP3qb7fx0VRmR35lNPfMWv1B_nACfFJNzY?ext=png,Exotic,
169,BidBf21JhnQxUj6k7dQ5RfcV9Kh7QqhfpLCAHHTtqroJ,https://www.arweave.net/9O-zsbHr79trVgIyOFTtzjRO2gr-LnmbiQQSK12cJK4?ext=png,Exotic,
170,3JdjVA2o1PR5Z42hZCzGPnckT2WNkbe5nEFkaT3eYkMf,https://www.arweave.net/p7PSf_0AC663LF6cnb65iftGV0SbtiFhVlWg8cWgwxU?ext=png,Rare,
171,ExS5u4i6RN8cvv3ndEJ41m22rJcQYYeMT9R3DMVvLegb,https://www.arweave.net/X_2X4C_LF_2JRliQyX_CJGYqkW9adsyabiwEQEVx6bk?ext=png,Rare,
172,FPLLGNTztdjqgqq8Kebi6oqW7ToZhSagGxJS35rAckNd,https://www.arweave.net/TS0Ak7cv6e4vWsWn7kjkamrx7vu6T0qRj4jvIsKp7co?ext=png,Rare,
173,3hAr5FTNmLedWNgCKBmddbqM3b1rHnaRozCLD14DmS75,https://www.arweave.net/OG6yhufSjZ7arjvX6oPNVRgOe-zFzFEBLhL9oS5TEN0?ext=png,Exotic,
174,FxmArhvFZ4w9DZK4AtLkiRP6oMmJmqgVQZdmt4vFEvLa,https://www.arweave.net/lZoJsvXMUI8BZkhv8u-mhAnc66wS1NY-wca_Tn7f7W0?ext=png,Exotic,
175,AbXTw2PU1v3pWUZDAjR3AMKfuaMR1mGgjf6533Hk4Paf,https://www.arweave.net/FkFSt_zMlIKKtICW-xd0RR9DIRPi8SVjoLVvYjcwjm8?ext=png,Legendary,
176,D1Bfe4gPk1hUhmSGsvZZLU8HNtTGh7PQwgeQr6Fti61f,https://www.arweave.net/OgW3AAshD3xiSo_GimfS6xcAw4nJbUOQ1YFShCiO_Bw?ext=png,Legendary,
177,8mDmzYffFsyF6qS3LZY5zKDuqwssoSMWVTuRFzJaC7Va,https://www.arweave.net/mh3RFGpXcnmLdwIZrMtnwOtXyuhTpP67X9vM3Q9aswo?ext=png,Rare,
178,CEeztjLeoiRT1PTNd4JoHczXgFgcwgS6WeDWMBo6VEgS,https://www.arweave.net/py7tN9_wvEop-vJmngq8Sv466LQzo_inFto4ESpzKrs?ext=png,Rare,
179,4EVQbzRRjdqDZ8X6e3mLn69GcLWCyss82MTFUcWGHbLQ,https://www.arweave.net/K03W-YHPLPUYM-Pu5-XDCSQsxtLLqUCpkMS8vWZL27s?ext=png,Legendary,
180,9J9uWo5ntHL8uQmmPR2u111tT3m8MaADfYg2w2xgwAMv,https://www.arweave.net/zVYBn9Nf7KfIKZhwX1CZH5i6svj1cJxAopP3_BjeMmk?ext=png,Legendary,
181,FoVieU2ZaJEmPvWaPB5hNnjFyiBrvxCK3KssEVainVbY,https://www.arweave.net/6pgwSv9jT_5tst9kaH4WHovOQDxpOB9WkOqpqXfZjbI?ext=png,Legendary,
182,BZzfv9H2m6bCh7r2Udn6zNwm8kZwvVPkSqPA1NhjeEi8,https://www.arweave.net/5ytcWq7-Wo-uzzvq49L6LLPZRaPQaJzqckb8x3zdtNg?ext=png,Legendary,
183,DKwrNkRahz86iy8irWS2qoeN6fWUkFyn5FWQdZwq1GNn,https://www.arweave.net/UPTSZFazSxqgxMJ_bZjRomodgVTGg2bf1yE50xkDoHo?ext=png,Rare,
184,2QSWqEbL67pZw5GBhPAzijnFDnkiW4qooCLcrnZHNSck,https://www.arweave.net/whRQsywvd3cCaI_5uGoMtnzC46mf8Hyg99z57idjXts?ext=png,Mythic,
185,BvCPH3XBSiaD7Xe1bot8uB7ovViY9LWrsVZ2ND5KDBrs,https://www.arweave.net/5ZXjxoXUdQe_wYmc-juXDt6YzPff-Y5bNjYyPOUG7F0?ext=png,Legendary,
186,8bRWmxi7YkUS1ehumLigSrxQHpiYTWD1JgdrvLU5Qg4U,https://www.arweave.net/11zacha8DXw-GsT11TaqC2vbdDm2570OG2_rKiQlhFQ?ext=png,Exotic,
187,Bh7CFZb9bcdnYLaupCctJEemR7c8eA7JA6vj7MBMwFjP,https://www.arweave.net/4eklENvTFk2QOq_Q1zU3KYksmRwj4YcwLewJO7Bbtog?ext=png,Legendary,
188,J6NvhuiHLRLUe5bpDzNmu5AfPWdbd9dRs36XYVvWFHU3,https://www.arweave.net/ljA8ljKeHNv3U8lY6l5wzivEWDqnL6oeFfqNVq0jIhk?ext=png,Rare,
189,HuqVzVnYytwXLsnDdRWds5zHkoRZnLBytm9NFtuCbLcP,https://www.arweave.net/zefLoOJh0CnyK0y-8RXpvZNP_3uer1Cbll76z1coLUQ?ext=png,Rare,
190,HS5zz4igowjJGnef4WFuGMJXmB6FaU9PznPeerDmj1pW,https://www.arweave.net/f0sEo3vbNtzJlOvcrhntQ9zXa4bAvT2xgkm4DTx_jLY?ext=png,Rare,
191,vCVbwhv9iNNxgpRwZarwwUHCdrfwHaa1KsaAEHCbY3w,https://www.arweave.net/kcK1v--FLnG1lM8JApZi0OwjAqj0Sb3jpDSNJh6hN8w?ext=png,Rare,
192,9TgZrJbcMxNmmZKcU7vuF1Zs1TzpSNrxh54QdkazuKfx,https://www.arweave.net/yyoIXrtWC08LnmNuPaBa0Dk0_OaX7NpAoEd4C6uUN-U?ext=png,Exotic,
193,4zsCFXCtiMWL6FTyZzqZLP9sMUEaox5G3ZypZBtuTCQ,https://www.arweave.net/kcyIILs4nAeaivVcplkivJPd5_s0lTyairVHTRmngF0?ext=png,Rare,
194,GEJukXtZt8FkArUuoYtRH4iKWyVdsLDD44ZP4J55ioui,https://www.arweave.net/3ydUNkcvya3CucBbUPCDgvKiVtndrfcAmTvBGgQxBiA?ext=png,Legendary,
195,H9Nig6txRseh9JC8w5tipQjeyWNSnz245JXZwLWnWsXY,https://www.arweave.net/SqYJeV85Tabf7Sz9MFZ6YV8RPAKHrhCZPImuRqVrKxk?ext=png,Rare,
196,GYVrgJHYkV9mhUL1KGFgiBGdpLXzoM2jU3ut5xcM7YQE,https://www.arweave.net/kdLjZZ6DhA6IlkWYWFmZOKw88n0foC60r_ih-xYJ6ao?ext=png,Rare,
197,6va6jaxRWmCU86AgaRiFgWCwP7DS4FKZPrziDWpDmnJo,https://www.arweave.net/U4zO43V6xl-214OsnX5_H-VHn_ZDCMcZ-huvVhx5DUs?ext=png,Rare,
198,5KzuqMFZTQRrzdHHkaQUwpYCaNcBgMVjSRuXnhMF5e3F,https://www.arweave.net/svj-gD__NksLhDqoMLKuvSRL7F2TPMAwuxl4GVdoom4?ext=png,Legendary,
199,EPFSdrUE7FEAeGumrMqsxqLJLz94vNbx4P6Wvb4N2c4B,https://www.arweave.net/VTAsLfzIpadDYFG8GxQfCgXpu8su54I7hYGVS78M1Ms?ext=png,Legendary,
200,CbA11ktLNuuw8VCuifW94nvWmGoSG83YgnBwr7RFygu,https://www.arweave.net/SJqP01JKsypEb1L4N0n6l2HFUaKjw1DtP_riZNrzwmU?ext=png,Rare,
201,DMus4whS9K4zH9wrZpTp8HdJ7vjxMzGp6mm67Z9UhUuV,https://www.arweave.net/qVOpRnLIbrfwJzjkAyASrcKUTqeLKjrJU0P-AO7GmsU?ext=png,Rare,
202,9ANEhCHtVBMmzumYwMWhpVVTeDeBuptDnZen3oXhjpN2,https://www.arweave.net/ietgeV-Sava-bBTkx4J4CbWJRmluVrW-gqHnpXagvXo?ext=png,Exotic,
203,4UH1qmmHjF21BPQCKsWmpf9FyN2w4d12SEySZfzvkfCt,https://www.arweave.net/PrIv1RLr1FclEBcfJomu5ZfaqcPjflDaOJEKhgC2Oeg?ext=png,Legendary,
204,EkGjUBJTFmfdkdzbrcSiSn2TCykcpgWbWRU2YVAwwxvc,https://www.arweave.net/CTo_i7SSCHz2uPxu_yRvZ7nWhmSpro7Qfdh3JZF65ts?ext=png,Legendary,
205,HwcrRkdxEvWhB1an1hf24KS1S62TSskPFXji8s9hDnwA,https://www.arweave.net/eX-5EDg7wxA3Ojm1Jof_I60UBcUAILwwiXf_V_Hga_g?ext=png,Exotic,
206,99yMboAr1X4zkhokw2gX8hzr7in2mkTtKzyKMEA9vqMX,https://www.arweave.net/felj8rJ0lz0XXtV6G26NK99n2C9wDCdROese5_X91B8?ext=png,Rare,
207,33DThaJmi2CP3WwiZGHqcdKaXrT8mvNaNnTnMvKdWvBc,https://www.arweave.net/zum_-bxenu7N2bm0ga16Lkjfb7rLIw-bsbOpelFJTsw?ext=png,Legendary,
208,BLQPFAkRAyEyBhQDQEdPSjvfGiqAh9DF4aDPZ63FedNg,https://www.arweave.net/-JLGCZDEp-vmMKama5FaYk1R8_8oaGSl2c1eEGlYm9c?ext=png,Exotic,
209,EH9GVtuEXQhcWuYFbXRgEaWtVDEa5bsZsmH2WQjVMq7r,https://www.arweave.net/DuiBHLRbapYg_edJyqDGkRhD_eO3oQlOdj1ZHxffeh0?ext=png,Legendary,
210,4VabQ8UJs86JDpUu6cyFCvAyFdGC8TXnRjMijdPD6RqV,https://www.arweave.net/Gt0JV_S2AYVG9l91TH3-Sp5em1Ua_BeTvNfhQG-vm14?ext=png,Rare,
211,2cgmgTEfLCubbTC1UiTY57XULTyytyJdPBR3cahb6XFu,https://www.arweave.net/IGvHKARoxOUbC1nSMSDBRCgegJjil_R2Kq98axjXyXE?ext=png,Legendary,
212,CdQymB3n6X2hfyaBTxxrdX7v3QpAmZYDqMXNRcwtdoYd,https://www.arweave.net/sZT2cFEMJ2XnRlH3yoouJAxavpwpxO0J4UwVerfCi34?ext=png,Rare,
213,FGemGn7q5dYT8f7yh8okEato8VnjwTdqjTfKGjNHbbZ7,https://www.arweave.net/zYlIEY5GhZkd9PQ9PdQqnAa62nZonN7F5f749yaUjfs?ext=png,Rare,
214,9Ge2LFKDrHvJaS4ZqL8HmeaoCAapXYKBQiaem41agyAL,https://www.arweave.net/KlQsOFssR5vMn5Jji5QtcMhj7eAQMajx0-mjEOCCcA8?ext=png,Legendary,
215,6TgVkUNAyoGU7PigRKihNTXcKcZZYJ3syhmhwSk3JJ9L,https://www.arweave.net/r7uZlikViT3P2lKzFGj0BSAAghyTm5tcdT01JbBlgBE?ext=png,Legendary,
216,uXpPc17Q9pTr4rhXbUJWu3BESgmspg1Z2eT1AcXatc6,https://www.arweave.net/L6ZIOQ9zKeX05VTCydFmP_nAM3mdqQrIQ26EVBtG-pY?ext=png,Exotic,
217,GaxJYmvvtrK41VSaKBxyxBcaCxa5nJb4q3yrVAF1tD9j,https://www.arweave.net/xSvbjUyXe0yO5po-KdBMh3AyZlkFuFOYEmJRtuDI-XQ?ext=png,Rare,
218,CFZeD4RTNNdzzYWzzZYFxWMnqB2UqvPWCuhPPNBC6YRf,https://www.arweave.net/1ESrRaV9FryyTDizAMeYb9B_rdNFlNYGzlCBczNOeIo?ext=png,Legendary,
219,GR1iiJX2zegPoob7k5rKx9ByZ2CzCLCPLmLuggLKXpez,https://www.arweave.net/uy8PDFhsvzp_IloPtRLHsJM2kZGEQnOakNG8QwVIYBM?ext=png,Legendary,
220,921oShQBsdMQXmJoRcwdG5jhcLTArEaJMyvZdjLRqHmE,https://www.arweave.net/J1Q37lWe7Oz3Le67QZOPd1m-JkCDUCHQEWt5ACd0Noo?ext=png,Exotic,
221,mEzjp4pK6LpY6Wc6YpD3xTf1FPUASChoHCDbcQL2caQ,https://www.arweave.net/JtEty_AvEwi5k64K9UJhu8Qv6Txe34zWe8_I8YN8J4g?ext=png,Legendary,
222,6u2KCf8u3yL8saBpoKdGV6DCwERFGmJeZAHpBp67W61x,https://www.arweave.net/fujNdNQeXK5rf4Sei0N6xMLBd4Le2Y9FYOyerNbbxzI?ext=png,Rare,
223,6hiHLnrH164Uc6TEsG4689AVNmYTiuU97RKppmPNzQ3x,https://www.arweave.net/U-HfQR5Yw2PhayLI3M8PLEUNfahL3kumFeKuYDWuIEI?ext=png,Rare,
224,35uAw3DH2SYVAMNWychHXNFDb516zGboq6Q4asSw8XJT,https://www.arweave.net/wwS71naUu_Jbjo87QIJUJhU4F9C29LKp2qDDD3_rBIk?ext=png,Rare,
225,2xcsVBxuW1FV4w9Up8SKPJznohL6Y6TKFnKurFp2LtYu,https://www.arweave.net/2i2TvDet8xW8w8_4gH3JTXCtt8RWwGrkzr6keNTxZ7A?ext=png,Legendary,
226,2qacGmrf6XbKpDQvXs2QWbHYCYCgnaPmHhwYJaF8rwyr,https://www.arweave.net/gNpMWrcA_OoDd22jnXR7qTFM2AfxJ6hd7gGEltdvulo?ext=png,Rare,
227,4qKZ8u7XzVbpYQmgVSp2ystQMbhwg9c68Rc3x1ErcEfa,https://www.arweave.net/xmdZ-7wQv4AhvIXN7nUNF7Opm8biUWrnsnEq6aQC0wY?ext=png,Rare,
228,9KB4JnrMr8v3fa12mMaNfHFheGBbTzb3e7RtmKMVciWw,https://www.arweave.net/oCW_S7RuFV4MPglgC9WrZWBl-fPTKxn8H13JL5NLOog?ext=png,Exotic,
229,6Dh5LdRSkudutQmGSAN9LUCmi9XhCfVSzPgvbZ1gMQmx,https://www.arweave.net/MI-Y3G7D8M0devtN4HUiK2jFSkxRww14GJo2DXY-9W0?ext=png,Exotic,
230,mhRL2VeSRUdunv8ikauJ8FrwCznmh8BXuZkJcRejkYc,https://www.arweave.net/rDbosCRAm1hkY5uZFLZXx4LYQMebQL2rsKDr1qPN6Fo?ext=png,Rare,
231,E9rrAFHpbnfZv53g3H6L6o4FcEXM9ACtST6mj6WsUxYy,https://www.arweave.net/HXeVqlcBCoQl0_2DKvwU5YC9iur2Mie8x_U7OYj1GD8?ext=png,Exotic,
232,aMrdUoKTGPZSq1NNDPFfWG8wcSLo6FjepCvyMUjirXn,https://www.arweave.net/atJX_WO_VjagRua_E1IzSptFkVdUw9nDtO3mmBekaTg?ext=png,Legendary,
233,JRCqVqGviRKNjvC9DrnS9HZkU9WbrWGSwhjsiSBhMkc,https://www.arweave.net/t5EjIzQOKkvAHRvQ3QPFUvMZPnWueHH_SqT5ZlIJVcA?ext=png,Rare,
234,5rBBR9qKnfWSfnqdNJLu92XQADgnno2btQe2eW1uzLGK,https://www.arweave.net/3qZJZif27eSN8jZ9D0_ZW3I8BMWaz-kYI2-hIkDKZmU?ext=png,Exotic,
235,3zLmAFkEwcZLKt75opXfoWuY29KB5KMazrK4NF6ziSnK,https://www.arweave.net/JU_RR4MCU252rJp7xoMvgavzKAH8VHgvqN65dXy2mUk?ext=png,Mythic,
236,AeWnDgf3ZSEW1nfApS7E6YwTzJKBdJ5jxmaVRZhNQWx4,https://www.arweave.net/4evqk64wbyST8g1JdvNSc6-ahfJwlAdV_qyrdbJJU3M?ext=png,Mythic,
237,HzF9NXRDZFyKKawc7YYaQ1fvAyry9AdEYjri2n6J7S3w,https://www.arweave.net/8at1ZgPSu57kRhCUN6xelwjhl_zfwQO5xJ4oZ_Sk-8I?ext=png,Rare,
238,ZCYHTiQ97nHo3vnWs7gwhRX6gRzpBw8d7Rw9hAmGJ1D,https://www.arweave.net/R8wAHrfjVn3yP6F7PYzvLQGCYDGljn5kD2FXxvAMOgQ?ext=png,Rare,
239,B3goQSjk39WnFDrMxgVEZ88h3NaQmDEYdrjZnqkrAirb,https://www.arweave.net/lc5CsaTpctOcM47CIQe0mnLS4Kromq_H4gz4l2AQLfs?ext=png,Legendary,
240,2f3H8ZYDUA3yG48YDyL3iXLN41vmm2HrFriUCCoo8VRW,https://www.arweave.net/fjAI6xTSU1fNrVm0tUY0ieUf8vGYFfaOkdum_IasPeI?ext=png,Legendary,
241,2nryEroMw9jEZ8yYCoeM6fTbN34pdePhUi5BGULjqX4z,https://www.arweave.net/Wi1FCawMxNy7fT-nzvMIN-cnjsAE-GlDKzGY8G0_Kns?ext=png,Exotic,
242,AUp51tjZpMzmw4YJg3paT4BTHZLFytNa7TsYkgVUyd5A,https://www.arweave.net/n_51X3pErvPfSR8R8xX7W4Ru4Hb9t1ZzXsJvTG_ahcg?ext=png,Exotic,
243,9mxmK1h2RwWv5xxcz8S9w6LqLizB4zwFy6ehz7YYnZe8,https://www.arweave.net/cykG1jrjJAdmSgDrtZiA9FE_ln9QygEUsL4VoNnLkVk?ext=png,Rare,
244,Fou7ixJmaxLrtUcNpsKBwYA7Vny9hgEExHbbpLe4oUqP,https://www.arweave.net/yUQdS_HZQlZIyCHg1uHvs_lx0NWMRZxNfZIH0sgqJKQ?ext=png,Legendary,
245,3CYHeaK3tU69bSbN3ySiAdQbvPbKvAWRLHQAhgUknkZ1,https://www.arweave.net/Hbbip7ibPXMd6ZwlMSWsyHWnu3d617Q_QT8zCXnuaRQ?ext=png,Rare,
246,4V8r7nPwHu4d4KXKeYDZCFVWHWycQgXZfpNuFk1XQMAv,https://www.arweave.net/fOk9_YlOb8WSGS8_sxmiAvIFvPqZIAdR976UlJ-963M?ext=png,Legendary,
247,Fq15qVjhGge7BTgo9QaLqKw9QKwKj5ktZXoE7PCvPYLv,https://www.arweave.net/mL8csjaua-3S7MBFI1RFjqjOZ58t_ukDUhff6SQ-9fs?ext=png,Legendary,
248,DCr7kXGq7whP9Vc6RhMM8H987cXfumoGoD7WQEwZgX5t,https://www.arweave.net/1qv4St8pg-lom6BXjt-kUymudELZOPfAB9ouynJrnqI?ext=png,Legendary,
249,AQiyrdFofvwgKVja38rfGzy5EAWPvXdmtCKtdwYkyUBj,https://www.arweave.net/4vInMQdjPhmh5aCCq8hualurSoLl60uQGZyLD1GHWFM?ext=png,Exotic,
250,Xwi9fYF3BJPN5TPUkQNwu5FSSsEvDEcpLmJM2mtonh5,https://www.arweave.net/D3SApHdaEnPrnDtL68JFGEufs0vNHyEVbppIbV6ARAU?ext=png,Legendary,
251,6PbLeotf5tuLaMLioJL9vp7u7hoNUMHWc9vRkohBaPcY,https://www.arweave.net/RYLN4EbbKvS0HPIW-WzY_jKS_h1Qeh8Fzu6Ui16fwpk?ext=png,Rare,
252,Gud33sUiFUrphdmonFbHPdo82VKbbPTNzJ9B5sp4qxv3,https://www.arweave.net/zeI6b5f1wtKF92Y0HBgRER0-X9JwUDTZymcsMGBIIO8?ext=png,Rare,
253,2mB2FCmivxH5ze5NgHqiRw1t1di2Z2rTz2RYMMCACWUe,https://www.arweave.net/rwsV6lg3is9Gvrs_Di9DMYijv47THqh1lfqAvDJUbxo?ext=png,Rare,
254,9TWi4V9qpb9jphNCa1rUYLfH1JrGsXjksy3fo2u7qeP6,https://www.arweave.net/X781LO9bFwy_1CEjGXVBb_4gJPZr1xV846KwaDpot9g?ext=png,Rare,
255,GDPkypCfB1iAJ7mc2YwSX2qw59Yh1gs8FPPGZkfJx2H2,https://www.arweave.net/Sdq-7a9Yl2feU6YnkusRmUVNSlo3LV_At49LF0DkXbg?ext=png,Rare,
256,BjSQk6JQEEt8hWLDoxJ3eu9ope3K2jLEP9JYBM9iSh26,https://www.arweave.net/8sYeUrm_ytjeDR_M1mK8rnRDoiL6XLeHWMfAdb6wtqc?ext=png,Rare,
257,HXMSVzdYKVXuYJopb53nV7DeA1P54FHeQkdFrcZ981wX,https://www.arweave.net/rh1uI23UP7AsuHS2z5RFOl9Hs7ffHayiP7eVHHUA_Xs?ext=png,Legendary,
258,G1WDBDhpppTjF5wMJsU9zbebJkaHXjcrMjXvtX9KMff,https://www.arweave.net/ayISoipBGu--ji6bvwgyjE7Xhy0--GX_68vh-_fpOVw?ext=png,Rare,
259,zXm4jWMryy6ayub9fPFBkt3iUh6kcqWiKUdqrVkE5iQ,https://www.arweave.net/-wxkDBWpQdBeYcmm1O17k0tLH-4CNFrqVTewjbJwGjs?ext=png,Exotic,
260,3tuKzwS4SoYah7FvVAAFekm7YrxkKQRjhm3mgkexhTWF,https://www.arweave.net/L_6sMzgBe8xRklAv0pV4noIoSENOpGPzTNkMvLfSIqg?ext=png,Rare,
261,7adz7ePtN9Vpc5YLCN1L6v7sfWEQseRXQs5VBjWwKdVh,https://www.arweave.net/H2t-Msi6x1DkiDO6KYm6lJXLPZXTKLn5pcvEPFYYpOg?ext=png,Exotic,
262,H9wWJnDH9ms4JXXF2GnySiaa1zZoKyShvuvijbup1XCa,https://www.arweave.net/VT9N_bKJoDhYGeT_1nYGqNFFBC5DWCRVwSxpX87KizU?ext=png,Legendary,
263,J2ZnQ7DFwgLREf4PA2cfevp8wHyJnTCc9z3jiFVfiEwm,https://www.arweave.net/aPFXusStsHPFPmvKbLVGSrNurVqF7PK9TsQHMttUO70?ext=png,Rare,
264,7MwevHEYtU5Nui7XAaVzKfQyJDZyBd1FZuvocqSdcdvn,https://www.arweave.net/cQIbpzjEXgerKy0Plz-27N0wMOeDK0TPof2-9YFwtCc?ext=png,Legendary,
265,B4eh7uVNTDszmmJBe7j6rt57iJesFqViCDNb9oFegBvd,https://www.arweave.net/BQrI5cZ4ym8Z1v4OfbEPkj0DonJrlh-wd5v16KN19Mw?ext=png,Legendary,
266,BmKr3LVPeHb7imeHnc5sieaqW3QnvGYYSs9nJ47aPoh6,https://www.arweave.net/Lnmyx_lwC5ATjZNoo240id6064Pn550B2xvcGAzSKEY?ext=png,Rare,
267,FVfu6rKHMLscZN6eES9Qbjzn4CDeygii7WuDtN6gBT86,https://www.arweave.net/iOu7AwiT1nmvXXyqffbh_tWyJloj-9ZaUOBM6wpfo1U?ext=png,Legendary,
268,HhrDZPBxXdPYdzYAMKySpQ4RHmkQMunaHKgKBcrsAuFr,https://www.arweave.net/8yXVDAT_qTenid4oWVEogA9GF9Kc9tk7OPR6kaj9dtI?ext=png,Rare,
269,GQixXaiHXTH3Y1DtBFbvTBWzwtRaGd57Sy1sYKHkwhq8,https://www.arweave.net/59eotuD1NDnI_d4y53cnerx0MA4qZypO_pMjXzyntzE?ext=png,Rare,
270,Do1BtJQP7GepqxPRya6C2skah2gL6N1J7QUez8LiZP5Q,https://www.arweave.net/0XOs-w_XmtDSo886ASwqIjj8WqpmHCFADrg1RMtgNlI?ext=png,Rare,
271,m8xSbrXHrSqinpWAeBtZy3qFHMugeVaBV3ymhH8sXXZ,https://www.arweave.net/egiUhY5OQPz0pwdYSV2o7C8BarZtHwemzX1f8NEmZss?ext=png,Rare,
272,4W6NRD6TojKpRCe8B5QGPc1KJ1JVuJzHyEpqphWFK5jr,https://www.arweave.net/KkSgCtV5wdKiXFN5jgBuXXMl7DGSjpRJMwoVGV5pARM?ext=png,Legendary,
273,6zbuswNcVa6dBsbNfgCmYfYTKRtCujFXiitoXuMUNzQ4,https://www.arweave.net/f7P2BK7xoQhP3SLZkU6I7vl-LVdoQhocywcHYKylkF4?ext=png,Rare,
274,HHc8nnW4ykfayGu6RdoeeTZN8sXvcopEvDQnjpgJnmf4,https://www.arweave.net/LhBBqU3Z4PILYUMrvacgSmim16mcxUa3sU8-0RrJt6Y?ext=png,Exotic,
275,BcGmLCFEfgR3t3TBeCixgZzyecrLwHciH5dBgM6k9npx,https://www.arweave.net/yeqhvhrxPMb1ksnUtmkrHrbfoOeBCrNE8K8gToXnLK0?ext=png,Legendary,
276,7MHuWPauVMiqs4pETmdQG1wdw8QJRZauVHN7hHEqBfWy,https://www.arweave.net/toIqTJXlNbWf3tHdr3I1k0tKZXoYmFXjy7Wg-qTATxg?ext=png,Rare,
277,AMuCUGs8pdhtWPCgTUWJ32aiY9KZe1DwDgz4KdiZshhW,https://www.arweave.net/bjupnDGJTqNY8nae31jIo3TPoYySAEVzX9pfhaVF9fI?ext=png,Rare,
278,ETjN7J96a8vD5o8PLBn15SosF7ihpZ8Q6HPk7hYmHtQV,https://www.arweave.net/cnSiNT4kEMYnHVRddj3QTMnkfm-o0GFOBHaa17OoO80?ext=png,Rare,
279,H3HXSi5YFBnkXgKZar6391CVJvxC5wXUuq49zbt7HDpc,https://www.arweave.net/Uubsa3yIl6NTli_3akhWrewR9detCCRMZ-Jbfza8RNI?ext=png,Rare,
280,Hg1ZbrEYXNQ4YWUovs3bJbUTMMoT7sZhLgk8NHap7SaE,https://www.arweave.net/eAcXav-5JHRT2_ln_UQLdxPFaCT8uSs1RqFe9V9X91M?ext=png,Legendary,
281,4cSjYvgu4EuVZnuT2b2mig214s5h179nqqx5THqgAzSF,https://www.arweave.net/IGMI_lQ5yY5tl4n7axMzCqDOmAfJzLGAWDKJ1SZXJJs?ext=png,Rare,
282,86aMZ3ghKskYVeHpniq3rQeCav9XEwgMHiSDh9SDyrcB,https://www.arweave.net/_QGwp_jfv44HrOdN4FNdwJACaABJXYetfyFZwFsVaoY?ext=png,Rare,
283,2M1t9kBNuUReA4qfSj1NcwVwMRFfk8c9rsiWCyRh2Dpy,https://www.arweave.net/IVRPcVR9flnflQyjShjdigK3_x5fpRTcTupb9BJx6cw?ext=png,Legendary,
284,J7xGjFgrZCUtNSEj7QqPVjoT69ScnrVtmg3kTsZppdkc,https://www.arweave.net/Gr6Yu4UyzfHFyf3dcbGsymWbJYp0Gvse6Set7xU9MxI?ext=png,Rare,
285,9PXFHyksCRxA4HSzs7TN4VEqT3nWgQootxAUZSxbTWZu,https://www.arweave.net/ielnZSsKDC4SWjwm85P1Um0I2-xPeGYEUn3urf3OkRk?ext=png,Legendary,
286,EJ3ZMDVm36ncpQpRKc7BxTMcgDvn1wtKAtxby9whbcHP,https://www.arweave.net/tBTEGZiad7ydlKxGLpgBcfgLgO2JnCXXsR2O08ivyEs?ext=png,Exotic,
287,5fFC9CaxTVt2FSkSNjkyU7hoDoJHWMaYfufLGXXTEnvQ,https://www.arweave.net/N1m6fEAXR36bB3lc1c4l1G4Ky2EvNmYoLCPlMM0vf-w?ext=png,Rare,
288,7w4pzuYRRirQCf4zeqQoSco44CkAwuSnEWZj2PZJ5dN3,https://www.arweave.net/0eiIomCdRj8aEr2H1RT4vdk1B0yCiIpvZe6MMTIgCLU?ext=png,Legendary,
289,Fs3F1ETLBYw8EjNu6tHU85gmUeE5CcaFYMBSqS2Js1C9,https://www.arweave.net/-4o5Ut2F2PULHA2pjWKdgY3q50zP-VZfnPz3sirL2RU?ext=png,Rare,
290,37aji9VHos9KETAJGSjxUrgLAmoYgwAVy66rZnBccovc,https://www.arweave.net/BigYFtXCzAZCXkR2RMdJLdxXykVkpZIqi3Qurm423o4?ext=png,Rare,
291,Gb3sxdrUsefjegtVtAbdKkwohLM4BmnAV2kCiBQcx1TQ,https://www.arweave.net/-1TRNibbn8NQtvoc9FTIelJVMtrP9uAO_TRTzRsKYzQ?ext=png,Rare,
292,5vY14KG4posevsZZhegv1NSVVoyjGU4C11a9LbYshtZH,https://www.arweave.net/0l-Z0YbtE_avZeum3xiFUeA3cfTYsNVRFygKWc4q1XE?ext=png,Rare,
293,aZRngTwfG8jny232KXzfC35BCWmRiFzPHtkJ9bWKpBw,https://www.arweave.net/P__o9xdzwl03JzTyHCiqt_YDTo7szhX9UtRIGvUTnP0?ext=png,Exotic,
294,68NM27TBRRertKYn5yoNxRAF7p6mXBdD3iFmsavMYMx9,https://www.arweave.net/EkIECd4007sET8GbluOBl8mFYGkgjdeC5LY9Qxyke3c?ext=png,Rare,
295,GWRTNMaTQbJDVHXTSo7aKApnwtkt84crmpKEUbHnDfja,https://www.arweave.net/Jyjvp-IMtudf9SIvKZMNTO6d37ROYO2dT8hvBEMD7y8?ext=png,Rare,
296,E1sHKwLHfi6Jrs3rq4iA3ajAKiLSAR2uCazbRtQt6Ti9,https://www.arweave.net/bIhnzjZ8jHOhURLSWZZNHUMd7L3z3X_lYWB5GqIB0u8?ext=png,Exotic,
297,EpVECUYQJ4tEdC3Ww4LwNEbAWYQB62mdSez6B9YVX4BK,https://www.arweave.net/VJefgtK3rYQLAy99fcvi87qS5jCEZR-sZFfK1dzTjhc?ext=png,Legendary,
298,EU2gr6vDKyYtptJgus8K8TwsNvJUQaNa8hmg5PKJvesi,https://www.arweave.net/5IZsHdq0etZTff4Gs7KYKiq-4WPOwsb7fOMqN-qNlO8?ext=png,Rare,
299,HWq6VHPRv8k46qyX9X8346DVnGuJRABYB12M3UafaXip,https://www.arweave.net/SSk3aiLPGyyir6cGPDQQCf_IiVz2eIPsmLoskSvyUSA?ext=png,Rare,
300,3F6yuGTq7XCxLPq8sGTqL51wo1D77MG8Vj6vu8QEy8jr,https://www.arweave.net/YSFoVYfOLMDW9Jtt9FXNC8kAHLigUfGLsWrzvkJOfh4?ext=png,Legendary,
301,BSmBX73WkyznD2onapfKwGNNnbrvVhK4pqLkNzKQvwKA,https://www.arweave.net/6tUfsw0yEcY9l5-jtBJC7s0JPjmsNdm5e-jBrwxjnn8?ext=png,Exotic,
302,8yRswBHEmASob5XgMEG27A197fvpmw5bFZk72TuGYHTk,https://www.arweave.net/705WOlYE-0MiYJAv4wHMSWVEumZ0ssf0B9LF_wtcqaM?ext=png,Rare,
303,6SBbXTCaauRTDYUgJFHiYUaaT7jXLxgpUWJA31A9BQCY,https://www.arweave.net/9uoifBRizj48WPBpWmJNQfhHeDidPLk76S13C5w-yic?ext=png,Legendary,
304,Fxo8axEsDXXoUZXdGpRTpTahyaFu9JwLB9WqFnn3fRAG,https://www.arweave.net/FzEoAJyEzZ4Xzb_-ucKNjlCtVl-8ePvVcolpvfbJbRc?ext=png,Exotic,
305,v8HKoGnu87GJn1D5Z3ihUhLawB6eAuk31Fkw6D2YDj3,https://www.arweave.net/J0a69fSspLfvLYdiTVtefwuQWojle34c78lS9NlhQKc?ext=png,Legendary,
306,2T7sQnuBFjdjSRsQp24Ahz9LTRNbVFpw5n9wABaNQEdZ,https://www.arweave.net/FPyP2CmmJ4exCIAcYB_475QCXqQjSyQSk6QefHzt1cU?ext=png,Rare,
307,c9C7Huv1qTTuUiJ8jrPqEGXPQPbsUHCiSCBxBhpvVJz,https://www.arweave.net/dFeV_cUvDe7qQRYqNaWm_cZqUp90g0Zm-UI2NmoeLR4?ext=png,Exotic,
308,12hQdHNwchhZTqALZUgpQoU529aM2jaE6t5RPFcSDPfj,https://www.arweave.net/BJjyhVfFSH6-sPn_HBqe4i3Aejdtz_5CoSb63_L9y2w?ext=png,Rare,
309,BvR8SeceUuxMEetcjvycmtXMY3i6grcSnexw4A889HVE,https://www.arweave.net/GkPSs6vbmXvxU-Rf5ICJGSfk56ytJav2rm-G7cl7UFc?ext=png,Rare,
310,ADQNeM9PyuUp9VU2JkMWHQoYPvE7ys3PKVkxAaWbkQ6A,https://www.arweave.net/6pEQprkoxfPUbdduVUb2uIEDkuxw0wvouzu5L3y3xMg?ext=png,Legendary,
311,E7bufzwJXT6C6mqn3aqFCB8wgL5kKjwLBptzzfVu4bYZ,https://www.arweave.net/FBM4SojMGNgKqdZahmqbfH61tBpMRA6ksXX9MpeYGr0?ext=png,Exotic,
312,712gmPaiojm1vFdgUyFBbX4fgDdbhKdsHJc4cdSvnMS3,https://www.arweave.net/-NDfeh-qxr9q5P8vzKAW7ubdIGV_rC5ro_rEf31CjlA?ext=png,Rare,
313,FwV9VfWuHPkKgKGszgTx5eWB4Zb2zzdFZmh5LaCCLLgR,https://www.arweave.net/6bpdIPBFi63KOG1o0TmPZvxztc1T6TD_OGoagMxwovA?ext=png,Legendary,
314,C7XnmjYTiEpqN44x87z8Cdiy5g36wemvWQ8pa1VEnSXG,https://www.arweave.net/Rn-G5OuQS-ZWgbzlkfUF7Kt6kXBUK51PtkfMxSAIcLU?ext=png,Legendary,
315,7PUFhLK77hcMVjaJQUUSF4UjArTgunZwCJVbdamiAyfy,https://www.arweave.net/aTWQl37Y8pTqU5YJQnc0SUxXQvW8oDIt8h4y8R2KKgQ?ext=png,Exotic,
316,BCDFCmPsnLTaZkvKiwZDMggT4Uvv7xobFLFqfVEoUsqq,https://www.arweave.net/O69tgVAJw37gTgBuudvOE3f_-blZiTkLBqTt_DBNUv0?ext=png,Rare,
317,AeooBRyX2qDVtP8cuwUNezJ6B5HJWgjHdJ2F87LYWdnE,https://www.arweave.net/xb-RJ3OL4a8lMVQbgbEAHka-d7TvyEeOFt_uh4e8IWc?ext=png,Exotic,
318,CLdfwPWK8N7movCRQnRcySUa63QAVvKeXiFan7pYGwxj,https://www.arweave.net/TybrMP9bxUebupjuF_MsxjjoEN4Pr9efRMchyPUP5jc?ext=png,Rare,
319,7fv8mmeuhpn4qVaJ8mLAh5tG3rDtmVHMRckd5y9Djver,https://www.arweave.net/qsN3MsQI_wWrOEBlVorF-Q3ahMMTdaDnkJCaaafVW9o?ext=png,Rare,
320,2ATyF2NbZbAqJG3QEMVpErJdc25sTSFJDmXYYbe4VZNS,https://www.arweave.net/aKmR8Ff6cgj3dTuI3M-NdO1OAAAHlchfemAzK0n5Gtg?ext=png,Exotic,
321,CeQKTZjJ6jWMgzQNG2mgibM4YMWcwwiMoLK1PQbYza2J,https://www.arweave.net/crU4udUdCFXYFu3bunhZiDgmboN4h67S8qFLPmezT88?ext=png,Rare,
322,D5fbkqgsfAuYbGA1MUjaezx6mnWzPhi4WTpjeuGV484C,https://www.arweave.net/161rEyCmsyatcL3RLpzGCJulXgHQcCLFpFv_OWo4ZAk?ext=png,Exotic,
323,EiyokACBqfBm3JtUDnJHTr718mmu6YSGWAu8QbvXRekT,https://www.arweave.net/9uSLHtHVvkzeNdly2kgktWlQhPBEhnsfDGCOXSlShKU?ext=png,Rare,
324,Cz6wN9wNsjNbv2jPh1CJmQ1h6nhHtszhdyG1DGeWto5E,https://www.arweave.net/9IeYUxpztYOpA6Bg9DdCrzf-blXPf7E5QrAmMZmBW58?ext=png,Legendary,
325,5qpRmWaCKEMixsaLMjcwNr7zddjguUeATLhrYFPCVHbP,https://www.arweave.net/ffZTYBSIDZPPY-XsTxTj031tBxIuUGnvC-InBmKcl80?ext=png,Exotic,
326,71M46opKF7VDUMCRmkibxLd5zivMpiBCrXMcSyrhr6ka,https://www.arweave.net/8XBpA_i_MezMsHPLDZ81DGB8HCOrIfPi8tEsafefZT4?ext=png,Exotic,
327,BWXwcvMiGBqpkkx4Fq2vByaHKDkrqG25LZhMonyKdfbx,https://www.arweave.net/nHIzEUAFa8DhLHhDQh5PI7sDgj-jz78fca2KBrLzwvQ?ext=png,Rare,
328,DfCbrj3EDeRFgXFbVnfNQS4cgpAoxbyxu7yivLPkNpEE,https://www.arweave.net/rCyxIuwo9-xouljWRLdYQdL-VE_TOlcKsJ93OyP7POs?ext=png,Exotic,
329,ainVsTqdcZcQ2pShXJ8sBZQR3jPQWB1vaYSApyxjcHn,https://www.arweave.net/OiDyn5_UM-TXrY0kD_cbkoDZ-fmkGaRYBYdhd-_mTdI?ext=png,Legendary,
330,9tJwZF4m9Ps8jEbhE7RSj1URu65Tiv75RpS3mM2tS2ym,https://www.arweave.net/OCAHZVunHLlqM8FOlHeIZ931g7tsz6TntWWIfgWNxg4?ext=png,Legendary,
331,BztAkAuY3mzUjzybEZfKut7RJi9EjWrxhW77MWkc6Q2R,https://www.arweave.net/1uS0R4bd4bUeVCo6C_zgYnUsLWYRAilwSZ8BRf6JqAc?ext=png,Legendary,
332,5cQhdQ7cMyG7axBLEDeck4wu7fEfFQDmPoJZoChGJmb3,https://www.arweave.net/HIwGv3zq67Tixu36wHhfANHE3rFIxJwXzs6zVY3yg5c?ext=png,Rare,
333,G22XCULYsvLxiP1NPsQfVXtx1LGWG5ofzuLoHWsEUUau,https://www.arweave.net/AETyPFYWLu-Vq5T2rWX5qye0nX7qYI-3cyIyibVeGvI?ext=png,Exotic,
334,EZTgkf5vAmQ6uN1JNZmx8ezZjg9H2uPzSKGnmopscxvJ,https://www.arweave.net/7xt0yuXiB_m_VNgk_i5n3JVeEi-LPEqDyM5EbBotqnw?ext=png,Rare,
335,A9XBeoNcs8wTLX257Rx3yda9XnB2WPoAtSuyHn6V1Pp9,https://www.arweave.net/8S4WYk2ysnK-0_ew8qfhMu7kRlZviOJ5Do9hD087CXI?ext=png,Rare,
336,8Yo9AkJFbi9JUy2xmxP1EWyojGpF1fu6GQhA7shohMVU,https://www.arweave.net/o6RTcqivYTzJEe0gLFVLmJkQWwo7QyLInxEoUCljRPY?ext=png,Rare,
337,BvvQ3zMPWh6QvcdL1csswvmx5mr8DwhT4w89Bc4DYjio,https://www.arweave.net/HiYOArILVwAh9B7fevvtbRz9h6wst8-dwwBmKPYtG4w?ext=png,Legendary,
338,2a9w8mc4z4sjzT9sXDVRY4BXdfcwF3GbmdxdcxYBXprg,https://www.arweave.net/jdWW7UYBU5Jx_yqFlpx8KkJuf712S1dclbLtnBY9HOo?ext=png,Legendary,
339,HfQViMGwzrFtaWZ559BYpVp1yE3XuJqhe1VgLXNd3XPD,https://www.arweave.net/0t8O6KfKZvw1ayQd03ZX_J-rL86yAIZlA5i3VP4EM2Y?ext=png,Rare,
340,85muiw6pEWXsYR2tsmZ2gwXDvnhiYKtWme6eK1L2c7xC,https://www.arweave.net/cTBvjqNOLDBWsqgvF9HqK7Mj_r1QzYzO4RHM_NcHqsg?ext=png,Rare,
341,9AUW7XLWJd6SX595RxsYRrmfnaoz9o7BTTPgztndjwtJ,https://www.arweave.net/fHm5ibgg8iJ9S8YTM6bc5D_WNkqoBvJ0j1nT98ltOQA?ext=png,Rare,
342,DrSeezDNmJqZLWCpAwnMLwPuGDwQUgUPMARTWqtuG4rR,https://www.arweave.net/K-PuJlmvs5qKWaXHyoax_YuMYnHzsZmjj9uXcu-9gCY?ext=png,Legendary,
343,F9QEYsik3qmHtMds8kmDrsN9wBfP7EWU7Y8poMyRwqoY,https://www.arweave.net/WBZt-nokBAUsULSeUwGvngEkLb48XhhqbdRSP54FSQY?ext=png,Legendary,
344,33Q9U9d7EXNRNhEAuhQ6sG7x8nvWRyHexTMNCtTFooqY,https://www.arweave.net/l1Cn4phiVCXYfrDeQ-OmwNCWrPly_sAahcK3d1HYmXo?ext=png,Exotic,
345,9sMhqDmNKqjjnSJBW72YSJxenRWz641Q4w88nwzUjL73,https://www.arweave.net/DQU5E4P7HhUtV2RNLlXX53wEgmla_xNZKvR2tdnXiMI?ext=png,Legendary,
346,HXhVz1ewbCkz3p65iX1X6D2BNeN625LzuSkCnG8mMpyf,https://www.arweave.net/xceTMKm8IQmhNyYgRMz1UEIZ339C1zJgcDYWsiXK0i0?ext=png,Legendary,
347,9X3VsfjKSXUprgZy5aY5JbLGZL4wXxzWwZT7n3ki8vbJ,https://www.arweave.net/2nl838YghauWMr8ioZIn5jimgpXhhC-xphp_jSkkcJ4?ext=png,Rare,
348,5j9nRhxYtUnhySWzt7qGjbgELHCiLusfwyJ1V86543z7,https://www.arweave.net/pw_tg_61o5wxGWws-Wy7rFcl4HZy_kqyX_oUu7lTmIs?ext=png,Mythic,
349,Ew2khgkXqaqSpy9YrQxBPcFGw1Wu9zwsKLPmzYGWfi6P,https://www.arweave.net/wYBpDD-3DxMKrnvIfuZdkkERziBXwjTPPG27fHLRJok?ext=png,Rare,
350,8cDpww4N9dLG8sXLCMoZrUC6vWuEqvurLBBP62DB9cmV,https://www.arweave.net/bDh27kKjDtSgBrt7RRRnEXs8QwI-rAIks-vgqDh2xRk?ext=png,Legendary,
351,4Ps5eRVMBxuVo3r5UNUZ7pFUjPgiXUdTJqFCb2wX1p6m,https://www.arweave.net/0sap3l4KXS49LiuCaoLI2nzucuLxAOzoiKTciRNUKwk?ext=png,Mythic,
352,EkhS2yQeCxviXrd86kQFvpyPb5fvXrhaG2MR3CELASEC,https://www.arweave.net/9eitxu4xEIEjoqnGJsNdXzS0x0k9K5AKX4PqcOHczW0?ext=png,Legendary,
353,3U2GEhpF1dpce9z7FftLu3NjuaTCi2x5aKUDTPmRaG8W,https://www.arweave.net/j1bWtkEYNu76N9V308XpHW-PpAcz3gz1U4H_tY1uRKI?ext=png,Rare,
354,GPV2Yd5c3MoMQjskCsvqQVDTXGMFP8dRzAHby62zFHev,https://www.arweave.net/0QqpyAKZaydTbEuKwSMDgftySs18oLvEJvWJbmH-kDQ?ext=png,Exotic,
355,HbrM4AcaT1ffVYiCmCTUuj5oA2G1v88X7YkVPXj2WZ5J,https://www.arweave.net/5T55I8kfncHw6ZsnvZT4MMZ1zVQKounP0Xj0LwXwQD4?ext=png,Rare,
356,4fAq7jCYZjZPyaKsNJMboiLWF1s2uMf2qwcojxnJ87nH,https://www.arweave.net/majLb8OtC4vG1eWK04hqobok_xOyTtABsqaXBIklqXQ?ext=png,Exotic,
357,CZEq39zUz68siUjquAhgRPf51eZ77UaiJXWMJVQu8WZ5,https://www.arweave.net/LaFXk1X8ve7Q91uDFdmC4-W9PJF2dEI0mrFcZogLFHY?ext=png,Rare,
358,46fecRKLF4cwECQxfrqH7vCeNL4iHzCC7gMn595shGZj,https://www.arweave.net/y0lm6BuPN4w0dyPw42y7hRvUjuCUU9RoDTTlSURX-4U?ext=png,Exotic,
359,9dDvwtrA5Cr5U3cefuPTJ1yQfgJCssbmyETpWogQULZu,https://www.arweave.net/hUq5xzXRykYczPWXzI1bs0vHD0RpQe8urohCmil49XY?ext=png,Rare,
360,Epny5fQfsruj3HYYSC6Roy75nRMAruSmYbUn7JTemu94,https://www.arweave.net/AS8ItIDuXQHC6LjocapGqIje_rgUL8tuWcBXFHl3MEo?ext=png,Rare,
361,H71pecFL9Vw9rpThWusEzju3JehSJ2FhagTRyA3VW4u1,https://www.arweave.net/9fLQWU2_eJdpwJPThMIQO5Uy5t04IsSQrnNdoeSx4So?ext=png,Rare,
362,DcLJqLtek8jMK2xKDZQJg31fftefhRrK63WW9fjBWgqU,https://www.arweave.net/A96foziHFTujZzyndGoDaAA-XyYWqq28VpbFg9RytoU?ext=png,Rare,
363,A5PcixQ2YZ5UN8b9FoBH53bYN7bVqMUgZGXpfhRWVf3,https://www.arweave.net/lDY_jyK2z-ZoEPbsJiGFy1I9stY0bwCNhylmpzUV40g?ext=png,Exotic,
364,DSxdaZZppmyQMmGn1a8Gp1y5EzmK2WkNwLzgdygm1XwP,https://www.arweave.net/OBsHuEVanw03khqY96bcHA30YEKz_-BgERzYLBwn3X8?ext=png,Legendary,
365,67iLJ3wHKWjkpCSHZmG6LdUtMJqPZVmJQthGpEHSwdSo,https://www.arweave.net/k-5UULAfi7G5BbrGIwWlZ_LaQfdQVPJKQNYt5gn8RZ8?ext=png,Exotic,
366,BmrS3eHPAw3Z6PvuSm491Ssas62XhxBsUMumMpirLUwQ,https://www.arweave.net/RdNmjwBEstRz9YpHP4pA_MJv--mgt0HD5GH_SxzbrA0?ext=png,Legendary,
367,B2xaMNQe5siiDmLWJuUqqMgoDeUvA6MqbTV3kqyEvXhu,https://www.arweave.net/wOsmmEqH4BDUTH3iJ9zAr9_BMvPtZ3weXHdmJZI6f2k?ext=png,Rare,
368,J67NZTFYQKYTq7j7um2MGhi5sS3pMG9dB8vxDqHyfcqA,https://www.arweave.net/VzBoPypIU5YYuE39RU-dl-Ib5YuPq1DQzjZHOstzQi0?ext=png,Rare,
369,8xHawwACjeEa3ZHCDApGUpQi1mnaBPR8QpkeWPCfvqfu,https://www.arweave.net/tFnigEmbAeMB1rU7sWE28iuTJ_HsWBrp6q-oBDFDmTw?ext=png,Legendary,
370,GB6kMgVZNzMKZZcMg4XM8v3BfqAxxnoc6X56jpLdTcuN,https://www.arweave.net/Bk1ISjYX5fAOc4ZAKnB3q_Ho9_GOC0J5JlUmPDP1xQw?ext=png,Rare,
371,GwaE4iSkFJAQ1psGbhLhXNTgvG8oNL84wDPAQHM7TXB,https://www.arweave.net/s8GUCJvWlfA5SGzKFrC3BOuOGPevG2xdr9NxfD8EiI0?ext=png,Legendary,
372,E1T5gKaAAAMNqW2ZT1Ey4Ke1FyN96zEzwF2P3ky3amp7,https://www.arweave.net/ukYiY1wbxonJ4FB4f0tt_C6oMcg-0R6ihIJJt_4W3mU?ext=png,Rare,
373,64MLRDtKM2vYCgNEvunsVUgJyiqeF5SqDXrScXfFpnh6,https://www.arweave.net/UuSyutr7htB3jO7woneI9-DotmmEmLMFJzqTJ6-kf6o?ext=png,Rare,
374,HRABA7vtJg9tqWVrZTcP7tSrM23mSGJ2aggs96mMATmo,https://www.arweave.net/NmfoJEPUwkcGFKhZkitMSPeMZk-atbCgO5vXkskKMcc?ext=png,Rare,
375,9CAtMtWTyp1QzwtuPobmo5uK4DH35qYnhmxmbkyHb6n4,https://www.arweave.net/z4hk8x0C3hxqpBV290-nSOwfQukyU6fSeY0pxGWQwAI?ext=png,Rare,
376,2fRRmV3vj2yuQcHktj37pUdYuQ9JoRRhKEStiW9zCqi5,https://www.arweave.net/uduB0oUKHRPhoDRdRsS4qKH7xr8XtMQalK9oyFCsIhg?ext=png,Legendary,
377,E1JbX6RagudBAq4S4YW5vZdasECFQFA7Xt1Cnz45sinQ,https://www.arweave.net/ocC0GELthUHxqX79YXAXcEz7DAkygu_kWqvDXuaRF28?ext=png,Legendary,
378,CsZwephky69mu1CsbukXp2A31iYpT3z5AMX1NuWGtQHk,https://www.arweave.net/lobe3b_v_45S_UHvLjWwMiTVCD6PQEAVJLo-eudH6zk?ext=png,Mythic,
379,CdJKYHJez1F9UgMvC7aKi2V6PeufDYodF7ywxosSYgPc,https://www.arweave.net/jI-7AzvHrhFC_eQ57jk4bMjVAMYVqUWpMb1djs49ak4?ext=png,Rare,
380,BTr2v7Zwq213oQVmyZJGZaqc93v6MPzNbyhRne2MaotX,https://www.arweave.net/31fXGnvSR08jQapKmsEztVuJF7vY_UW-PUqOL72z5LE?ext=png,Rare,
381,D9t511k6c6Wtr6xK1haZ64Kn9E3L5BHBRJFqNQopfrAc,https://www.arweave.net/ZdrFsYL_d46n3nfOJFEK9CXVZDgIT_xwRGZ6kyD23v8?ext=png,Rare,
382,76ir7Q6J6czxYke9mgDuo6YmXtdC41sgEEe5v5DYdJTP,https://www.arweave.net/VOPHK2OG-3e6hWJW-2up5psMgL2qY2_fuH_eD6eF1ZA?ext=png,Legendary,
383,43PYR5MpgeqaTNPQsTRYGWwDeghm3NBAZEZquKJ5r3Bg,https://www.arweave.net/AsimGD-J2CyHYrMcU7JJQJMtL2nc4htKISCAptbhNX0?ext=png,Exotic,
384,FG9iMwVnByc4wgNCebXAYfRcvac9NFKNKfqbHVaghqnh,https://www.arweave.net/CK_aTgnOxk-OfBSclHiCixJcUCrw1seg8k31mLInEbc?ext=png,Legendary,
385,SFswWENYW8EAgCxsQ4TGCAfcrhDUozt7ABH29WVssCx,https://www.arweave.net/vfLato6TqUz3bgvG5M3w_KM6E9v3w5mT7lJeJOhNffQ?ext=png,Rare,
386,Dy7jA5vH4qAfbV5vLNtNMNRPTVxRXXfUfHRPmZHrhRHp,https://www.arweave.net/lSpiy3qvFTehTKQcO2Y7Y24eTYXfPRf7TIG9av23eMM?ext=png,Legendary,
387,9Yq5TLyNi5ZjrC4EVtK5kgoMAffGodw7ZuHoP5kaedkT,https://www.arweave.net/Sh3NPKVctgJsSt1wJ1iAkqMXkaodZsE7pTYOr8ZvUJU?ext=png,Exotic,
388,68PAC3tFt1R48Ghpbfyz7jFYcNFyabLQKfWGpdtfCsfA,https://www.arweave.net/fE0VIjR2zcuh-5HGlqi9wpBvZPzhm0j3gf7CxxHZi9M?ext=png,Legendary,
389,BHiFwNNfzj2BBgS74vYv7my8MaUqZjES8c5HxX88AsG5,https://www.arweave.net/Tz6xHQeMapZL9YAEyusABkFKOE7xwz7CsLNKdv--guc?ext=png,Legendary,
390,AexS69W9vD45g69R499hEDr2rEDZNLLXNyDQNuJd83eY,https://www.arweave.net/52eFduVY924J5TalqzmKmwI-c0_VYHNeweowgEXQVlc?ext=png,Rare,
391,2sF55RC4zurKnvD6jYwLoFKYu7545U92ccNoyix5t5Mu,https://www.arweave.net/Pvflvyzfzcu9kEEU6eFa7WsOuPHB7ewNvaDbqRehEXA?ext=png,Exotic,
392,3xrH6rXDnep9EcpFMXH8Y2nG1ZSpFGxmTAjdApDg4iSR,https://www.arweave.net/VRjdysZbwAjQQqaplizDvkXeU10fwoQfE1BlJkOuswY?ext=png,Exotic,
393,BwrLoq721ivXaa526gc3Tdd67iGs2S62PD82U8nUDhEo,https://www.arweave.net/CIvLgtoeIiOTheVwkDofFeOoLjcF7xBUXGdJRTJmXGc?ext=png,Legendary,
394,BSBcyhrUNLbCX7gkiANkYmkpTv1tFJQEF3yfeUnVW8N3,https://www.arweave.net/T-VTQioRL-6ol-iKDeLpJsj4ORFeU9LhcVYwvDQBglg?ext=png,Exotic,
395,8WbG1WBPMEUufDR1TQVvoXeQcJDp5KHBo2PqkmZ3Xvhd,https://www.arweave.net/GkOCJHuI_IAsm83iFIiPtNL-25CxXdv7W9gpFBKuvUs?ext=png,Mythic,
396,8WozCDXVVkRJjWJFQbU6fP8gak4UGaPLpZ1ZRXnduaKh,https://www.arweave.net/_LfTe_g2ICcVhrmnZ4aeENJsyYDayw2v8tYi9hjxWQk?ext=png,Rare,
397,EBSbAEYjAnEY3Z2tu3UGkzhYkGpdWtZNuYfdpfou7GPk,https://www.arweave.net/GwIdGn2GNHgwfgVePbwKOf1oo4fCqwCXyWeF3ZCfgcA?ext=png,Rare,
398,GiHWdnPBvZRviCDgTRGceekFVTWsdAWizBBSdmpK6AH,https://www.arweave.net/WCvEsS6aH3KcS7Mj_jyhJY4Xv8mv9h3B2XEG-7jJr2M?ext=png,Rare,
399,7sq2V434Yu6Y3YL46LQW95rxWi24tz2wZD42ZCX9t5Hh,https://www.arweave.net/RolY9LkopP45-RF1WRiSmLTHbuwsf_tdhkobwHoaMe8?ext=png,Legendary,
400,Gn1CcJJjiFPf12PaBNcGFsZS3R91rBs9mJv5HnwJL1cf,https://www.arweave.net/XVqjYuCo42vQTCRnRNDi1FpHMrWCDr5NKkfz6pygjYw?ext=png,Legendary,
401,3JPjYbgd3sCtXkZssKpB9sV96ejAs7RifandnjKGc7dQ,https://www.arweave.net/qDbploG2zJ10uq641QePgQls7m2NktxjCGARfxvyr0k?ext=png,Exotic,
402,4G9vgUtr23cqiM9zFYVSVYUqDCg2oh7jwD8B4yqBJMP5,https://www.arweave.net/nI2k6B4cnG0CoOVaHRCuwKk4yzE3rHR5lMJJIRSJ_ss?ext=png,Rare,
403,2sSsZgc2YYL3FgwFN9ZRk47XQJvrSTuD3oym5wMvnyzL,https://www.arweave.net/Fc6c6fMAj2N6Y4b02KVl2HeuIEPsQRU0IHCSLv31Oik?ext=png,Legendary,
404,87bnCDH9bkLhNbdxsrYURX3kvfs56gzuZqGYc6vL2MyY,https://www.arweave.net/KZ1cQPNd3-wG8qh0Wno9jbYKTUbwiVDZwXl0IL4cvmE?ext=png,Legendary,
405,83XMYcyq9FrggbdGHBCrZMj41jKi2vAkpEFKEXHZjZyk,https://www.arweave.net/XSmm9MFAJTmwQr-3cTvSwi825kZr4JmnKXniFDMNLjM?ext=png,Legendary,
406,32UN7iyz35eGELoJNJXV4VUGUkTaGSJkP1RsdTDKHop5,https://www.arweave.net/gsIx9Hc4O6KGtmi3MwVv9BK-h6SSjB9ZUbmT0ef6S5M?ext=png,Rare,
407,9DeNt1NNyB8DNspQ7p7gQSiW1oGcQL6fd2aThRN8yht7,https://www.arweave.net/8gsgcduFqvkjgFat7hq4s6rIwVr9q2qnvkq8F7V7cIw?ext=png,Legendary,
408,Dd2VxHk1YbDszLeqtommizE1cSi8VXJGeqV6u3jtPHrT,https://www.arweave.net/sBy8zj7uNKVClR7px2Ejm8fd6TTNn2j_lwHDvKga3Ws?ext=png,Legendary,
409,ByEWw6twGN5i7KsLNUtpuzh7TQAaTEbH9RohwFqMhQnP,https://www.arweave.net/S-WJjDp4UevX6qzlZLODBJhti3GkpjgHL_aI2_8NlZI?ext=png,Rare,
410,ECaR1F7jEdbpfep4GuhMCdnNdRFcDsB7gNAsrh4xyLtt,https://www.arweave.net/TIBUx06pIne7Hq00ZIrKfsEH41V6p06hDPDS7-8RkoU?ext=png,Rare,
411,AS9uovDkhmjqzeePWjarAgc8tHyJchPdR5kMhpqSoKz7,https://www.arweave.net/0Un5N6SADjyFUYn3o64Wz92sqWSsv8A7wx1TsC_zTVo?ext=png,Rare,
412,ArCDBpWMXDvLHVJy4C17EY8FSfFygDr8nPhprUyHBiw,https://www.arweave.net/Tc_FqPSnDY1Yc-L27pPlpMWUwBIw8037I2uJbknY32U?ext=png,Rare,
413,4Z5H99S3pMPwjedhXZnsHkcWKQbuxCi1rYUyFPyJTo1N,https://www.arweave.net/KOkNlnCRzok1-iR4rLi7qxyV4pFaN8G9h-psV-ifXhs?ext=png,Rare,
414,6QegT1kzpApcQYgdWBnHyse4ptrPUYyQCp8jXGVoRpi6,https://www.arweave.net/N5SgKrtoAsWqOixG_LI0LhLDFzXU0D33EMeUO0YJKCY?ext=png,Legendary,
415,GNSvCrAxn3pxfQcES5DHEN6Lu1pruot4zSzKunqCY3zV,https://www.arweave.net/UlQeUoMRBslx0w5tBzaJcjSWEKQOK8H7syqxmRmFrQ4?ext=png,Rare,
416,5ZxpKbs8tEY2as6D8Rdu9LtCAbNgqxe8T8yq2Cdpgmqa,https://www.arweave.net/xRuhBWtjGVjh48T2dX0GddEKEDpsNqMgillPG1Xbbjs?ext=png,Legendary,
417,BjpUxwrakGzFiTp4XdfVHNqLkBY21WJDG7VSGzvGBefK,https://www.arweave.net/H_9chRAKU4G-iOXiCk0cPCG3Hzn-LBnQsmAldIPeYjw?ext=png,Rare,
418,8wJutuBzVATzMHhrgwadxnBYnJrAVF5ijj5FNTP7dSQW,https://www.arweave.net/dWjXV80zI6slsdxyNJxE2JWQn0xAczLikohOCRsDumY?ext=png,Legendary,
419,BdDNQmXLuL75Suud1BPQkvMascqqo3wKi5PFMY6SMhR3,https://www.arweave.net/SKWb1RWcBi_xoEb6fb4uzRYevOtnwnv3hPcDPg-kQso?ext=png,Rare,
420,38XEBjcnLwq7Mx4h8WuFneafrgcnDcsBYFRsUedaLUzV,https://www.arweave.net/J4lZul7fPClULXlc8lNvW9mWgSVsOIWhY-sQLOYL--M?ext=png,Rare,
421,G5k14SpxWvzyLEUDvhuy15VdPoacMGKG7WCB3onN2UDc,https://www.arweave.net/9tbak-NAyvuLURPyhN7F8-ChuJW7qyTOs5A6SFCqRAs?ext=png,Exotic,
422,84t5NY3WtVVcDyFngzsTXHCpjpVcMAxAiN7F8etFfhPk,https://www.arweave.net/ReL8ZrmGGN3NEyDRVZuGzP2WE-hs8hjyvLRC_TCb82A?ext=png,Exotic,
423,2aKxHK2t3YkV2LtshQZ6c7xKBGnGM5d8xQee3gCMAnQk,https://www.arweave.net/oD4PHXPortFQ1iyVHz2iFuOUb5cH2qz2JKMvoyueZuY?ext=png,Rare,
424,F9ZCgj7rkC36wn27atV48eGvacCyi7qrwVqwxNVC7foJ,https://www.arweave.net/FIzlUtFohIMu3zJLeRt_M9_ru2vrnskbH2AhKa8SXCY?ext=png,Legendary,
425,3mygn3sChhhrDoxs66YTogjjNmZT5MrunyeJ2fFWTyU3,https://www.arweave.net/0ZlKasAwHLS5O4I7wJdE8p-dCMERFdLG2CIVUAm8AG4?ext=png,Rare,
426,4yrfZLgYsSMkXYzbBbuUt5Tu1B6bBnuw6HV1MU8gWvtu,https://www.arweave.net/XgWNzElkrFMtDk9qgkZbuqbnJMaQw-xYXRSM2sSp24E?ext=png,Legendary,
427,DuiSYAFTmFYDQmnkQM3KETK2q6hTiaEL2UtR4MrXQJtk,https://www.arweave.net/0fnffFVYc2ngiwE4F6uvULpu_YIQoWBUjx44xBRSvFQ?ext=png,Rare,
428,EwZFxh7E9M4AZSmB7vVyHXj7WTCeMMqpqRaH7A6WvH7Y,https://www.arweave.net/qqjXEC5aK_oyGGvF7gwaXtO0J1ZrJcLCA_Rfp_1Lv4c?ext=png,Legendary,
429,4pY5sAp59wwLRXtpjPMncsadcZ7ufJWnrC9Vt6SvmxqM,https://www.arweave.net/kG_BWkedpRXqECx6GkHEf4Xn-0YO9OxyHQCy4QlTpwc?ext=png,Exotic,
430,B12PxQg9mhjAfyDz7Hpuo9Eg72XJzRy4HycHgEaW2gW9,https://www.arweave.net/ekz29fmkRnm2OY9edyiOR5Ko1OfEP7B7FV5D7M1baMU?ext=png,Legendary,
431,AfFqen5v5RnauqC3Shdpq22isGRa6aEEtXjgAXR24VVL,https://www.arweave.net/DXndMrBXDDtVjO9Y2vPQUekFEjZUuGjdgO_abgrmQRE?ext=png,Rare,
432,5tQCubsR7gY8bVRTwi5GN8r1n4i8zwcLJsTWCVV4x1nD,https://www.arweave.net/vGsfKHWeoh3ak_HHiqhc_tLEf8uq2pilLwUVTklAQxU?ext=png,Rare,
433,3nMyrFBLRVdD3sXT5jLNCvZXJMcyXoBsLzmvuAZy5c5b,https://www.arweave.net/BVwz8FDpZxbF_Ny2FMpNMve_CZluh8Un-lJ-5pXJd3Q?ext=png,Rare,
434,3pB6xG8zZz16FmgprcBSQjWiiHmPCHwoC5VUFy5dekYX,https://www.arweave.net/pDRek4x9er-8n_jpMzCmfAesUfEPuVexKZGXpGy9KSY?ext=png,Rare,
435,Hcaqkx3quzTrn8kvyE1NWUDW2RpSs33QB3NHeEsYPscx,https://www.arweave.net/1QswoghMeg3LaafA478-0Sq5gA8Nv86hK1Kf9Oms7GQ?ext=png,Rare,
436,BmC8VdwuTWbNN3HfGrZ7aYdrssLQSND2Z4Zc6hX1eNLY,https://www.arweave.net/8zHJpkJnc2Si9i4Yjwzp86N2a5qtJhr43RvDIICZQWM?ext=png,Legendary,
437,7hoJtu273Y4Pv2m8rnZ3ECR2j2Z2LUgMxXbD2gmM65vT,https://www.arweave.net/d_dMM4xGrSFIsvCigmk5UawoPnIEiFf2vlRRdrXKy4I?ext=png,Exotic,
438,4GdrtMK9hzUkpgVx236PF7LnGv43uuGBpb3x5x9Esxa9,https://www.arweave.net/S_oIzODpMozR0qdNUT6_dzQlV22hv1Z7LHVs7Mfjc3Y?ext=png,Rare,
439,6WSvkrzzRM44PapX1GB39xZqdArBBgRwzGniwzRoS5MT,https://www.arweave.net/igNQ0ryaxkgniZBWZIp9SCIXlEbxIK64ARBkQLg6eZc?ext=png,Rare,
440,92hA3kbZZBVNhqyks3FziFHMA6Y4HJqmnE8Zi2b46MiH,https://www.arweave.net/G4swr1Rybw7Ja3utAQ7PokN2L-MenGP3ENz_A82p3IQ?ext=png,Legendary,
441,2QarTH6YL7xjDbwmXpieM1pAyx1nMF7zzTcpcDYLBn64,https://www.arweave.net/WtevFHXg6l0bGv1OQ-rXT8Rj3LOYuom_xmbCm42HZ20?ext=png,Legendary,
442,42iTYts9qbdPZznCQMPrWNUQBvSXKHYGEXruzHMo3ReE,https://www.arweave.net/CCYlPxi8kmwYNyBeJOTX61tl2AVAHUpQjc5VOklWNM4?ext=png,Legendary,
443,Hp2a3hFzaZP5L4aEfkDCWCa1mekenoSf2zAUpWuYjfNM,https://www.arweave.net/yAF6eBhDzdjjjA7HiaftT9KdKy30YtIWmIlJDETFzDw?ext=png,Rare,
444,23cMs3MNShyFDH3ZATAYNR5oiUuz4sEo5mDzroWoiqcs,https://www.arweave.net/PLS_dVxCi9-VN6sNSmuZ-ncpMrcunhvqkaJgYjC4QU0?ext=png,Legendary,
445,GXgBUN5aJoGAMfrzLVxtix6L1rftkx62ngN34q4R9xuP,https://www.arweave.net/5M_4q-qYsSPvYC4B2vcjhB6R_IU-a4DcaRH-OJOPQvA?ext=png,Legendary,
446,JBv8pU7NLLoajDZpGkwhFZpufrT9qFSzYbDfjhvXWjx,https://www.arweave.net/trGM24bF6Nheq8DwXLGZNsOCsGVnIbxE99XumB0Tx2w?ext=png,Exotic,
447,9JjNdbbMjUa761WBPmWihUZ8SQbyj5iExYy9dj3wWGdn,https://www.arweave.net/oCGBjiKG8B8g451o6amA5npzDYjxRHkIuJJjoEGyMCU?ext=png,Rare,
448,4iN815vnAqNqJygtq6dkaxusDm3EQb2vZupvXLiEK2HY,https://www.arweave.net/3JRrBs6MJABdbJSiQfwHj1MMd18ncE4XD1sqmN4lmFM?ext=png,Rare,
449,3pWgRfAw4ncsHPfzVrcbm18LJwrTJ35nen4TTDxrHBLu,https://www.arweave.net/r_cvj8liUO7QKWuHvM2jsy4QkebWp1N6bGOqCXmJhms?ext=png,Legendary,
450,39hD8GSNLqh5PyjTPC8hJiAx9b3B3ca1RFEpPenGuDSk,https://www.arweave.net/dObf1Sb_0LT_zM0CFd4b-ylPvHv0k7MpeweYEy9hYpQ?ext=png,Legendary,
451,5AXqvs8AdfxH2fjGemTjbsmiWa4hSNAGYGtrMJxKhsrh,https://www.arweave.net/t_pzybz_oQfkqYHS95Gn5yfRTizHr6PUtdc-hjidBMI?ext=png,Rare,
452,9dLzdRj2N8sEfcbgVYK97WqzDqY6dsGVzLMQRybEpNWW,https://www.arweave.net/HaRe_aAVI44lWc3Us58vuZvHsST7dn7PWfE4HJBboh0?ext=png,Exotic,
453,5Kca5QxnsEcy6PWcps6RAsA9Y5mrxvixdJXavQQSiMRb,https://www.arweave.net/eW_p8jv_oV6lgIL_7iBhDpVijplpvNhaprXe8wiaXco?ext=png,Rare,
454,DmeiwXWs5jb5bSpmPcHompxrdSpyecoB2fe3kFFFmNYP,https://www.arweave.net/GK3okeH0Fd7qs63t-6uGlDmelE28DxEUiBUlem3j8vw?ext=png,Legendary,
455,9wzNpQTVRseVb8d3DdfE5QABYDhcpCZ68Gx731bmDhga,https://www.arweave.net/KybI5HMM3lgZejsy3_JGAtYw5ZzffJZlZzkCl-JGZ9E?ext=png,Rare,
456,FW43caThsoY1CYfzHQSN8BPHsaqbZ88KWSdRCvJQXqBJ,https://www.arweave.net/4UUnzLPez2YaRwZ_mGiJ5lgQLk5i-5HclZiPkHRwbS0?ext=png,Exotic,
457,B9XPXLxYhVexVvU2H67wFFVuWbs1uBsHLBN1PzQ3P9Kq,https://www.arweave.net/fPLJTqr6DF9C0g8n24uU_Unsa-8HijHQ_uy2-n4MBkA?ext=png,Rare,
458,3i4rus2s4Nt48qkFwDWwVvn5grBCd1YZJ8gsPKWhBEV4,https://www.arweave.net/JoGY5ND5CKtE4HceBJZN8gmvzqWRYzsliMX6oyWCAJg?ext=png,Legendary,
459,FpNwb6Jxbthn7sjk7qWE4MRHi2fn3rozKqJGm7tgDK8y,https://www.arweave.net/r-sDYKFXgJhodNjlYGIEsf98Kxsiudz0OF2kGDrzv5g?ext=png,Legendary,
460,5uSCds3877DKgb4N9AxvMT1k316xQaMMaSEQnASWpb8g,https://www.arweave.net/7R81k157Ct706hbtyDp9V5-aOnQNbyOD_BNu1dR9zIA?ext=png,Rare,
461,B1H1CfPXxcghTJne5HwnC1xGGUTSkwfWYDJVnZV5LELa,https://www.arweave.net/YpuiikyyXcB9ueA_p1Tb3TfbMEPPWTu78N7aY6CepO4?ext=png,Rare,
462,9Le5jZ6akLUT4E9UtuEPo13HfsxpPFCSPnnqnrnFNkWx,https://www.arweave.net/k153aXfb6YeHHnYKSBrA36T4lTRO82aqZtmC42bYP4I?ext=png,Mythic,
463,Ge9nbPjsmPShcRRV4SqybCG8nJnuGuAvQDpL7n25XPzy,https://www.arweave.net/8XXMNaZVQbdH19tBkuG99hnBpu2SMrsgNDqNgHEUnq4?ext=png,Exotic,
464,E4qMVgYhtWicS8uRpyQsmw3t4BE9GSbQzZZFwgnDAXM9,https://www.arweave.net/bnMJhAakQ6NM1BibEWfbmaJYdtdeUaWxw_wc3Xgv8eQ?ext=png,Legendary,
465,5dUi4e4xb2hou4ehx9CZHFduE1uf6dWSH1EHwzhyiDtA,https://www.arweave.net/0JK4PgEjJUl_1tWbVaxu_opi_pon1wl5YFY5Mhn7bMo?ext=png,Rare,
466,AiujGeu5GQfvXESFQo48TUhUL6ER83bX1s6jkxw54UpR,https://www.arweave.net/RNg1K0AM-Kd73OaB_bqqlvM_OWM_hdWJh6sQuj8j7eY?ext=png,Rare,
467,7puqy3qbc7EPXtEFFALpxiimAHDenZEPoNfGBUysSKTH,https://www.arweave.net/OHe0QIDc9jgUHfKLL991y6Dlm_cKaP2n0d7V80pqPNw?ext=png,Legendary,
468,HhsMujrJmhZB6jC2Ks15SDM5md2Jgn2qeb6C79cvnw6P,https://www.arweave.net/rYt4RHCarqTCeIzQe2mg5NbYxPfuLo4bDtx5t7tIkuw?ext=png,Legendary,
469,ApkimSvMbdZi16tnYZPCQoJCUJEQHKR97qJ5XUQVSseS,https://www.arweave.net/6WDAHTJ8sVs_Xzbb5lIDFLeiJR_pjLSlc_dIL89ZZLw?ext=png,Rare,
470,7dSdPq3GFUQ4GtwtuPHhdR5aTxMveuPrF4qX8LSZTP1X,https://www.arweave.net/RvKlqyAXhbCD3IK3x96YhzWwofdU2kDUrgPi1d843xs?ext=png,Legendary,
471,ArBX1TEWtMAn62BkLh9Htb4ZSQ6BjP9pEEjrKSkfyBm2,https://www.arweave.net/YO2O-hZ1OWqDAhTvwxjQKQURqyLJn4zVfgcQAFTDHi8?ext=png,Rare,
472,7JA5wN2rrsVVMNmzXt15TSNL4uTu8GfcP3eZAiA3VnbG,https://www.arweave.net/dUVZvpRA5TDu3dN0j3WuH-19EycEwCbYhuKzAr5Podo?ext=png,Rare,
473,4jgA5x6u7jFaU1RaSzcPcUnRkxcumCdAcaST83yY27J9,https://www.arweave.net/Z0tpE3tOQkNFd4bjIp7mkl30-HDNVFZUlBYS7zt9fcc?ext=png,Exotic,
474,7XFqLY2b7AAkcMF3Qj3bjXKorvThjwcGJog5rygfLBsS,https://www.arweave.net/Oavcw22ENdeE5SPCGGtCHAkhirQYmCoKPr7TK6YTWeA?ext=png,Rare,
475,68oWKeKpmsZikFro64m6f15VCBogY54QxjgJnrykCeLs,https://www.arweave.net/pU_cFP8lPHMMwcyltZmKdC96ZmmogZxr6KJA4tc4VcM?ext=png,Mythic,
476,Hb5YiNGAai5MYqezuB1RuDFf8EKjfM6WzkmNaBM2s7Pu,https://www.arweave.net/T6dTBUUC-ZXEM4IhwI82O6X0uxGysiJEvC8-GFqz34w?ext=png,Rare,
477,aryY4ebj5zPgiupyg879kziVho7hhjHM7ywfTmV3cj7,https://www.arweave.net/v1EuWmVFayumaRJBCoh9LwWLfTnoI-Q4oGTR14V9x7A?ext=png,Rare,
478,9vrRbrqEJE3ro4tbL7wGSHfBJMf6uN2S7c2g4USozpCT,https://www.arweave.net/KVtjy3chO12uoM-w3T_cHb5VpYWZg1_gSfkYklBCQgQ?ext=png,Legendary,
479,C4D6N4zNVFCmG974KQn1EG3szdLLYcsSuhy9cxTzraWE,https://www.arweave.net/VZDEy-CsCt5graPFWLfWjOH07DA1NKhpnF6nwEAIalc?ext=png,Rare,
480,7BVRASj1KEeTcNjs85eSz888RZ4XnVLT8wLwLgiQzyXC,https://www.arweave.net/gT6oCH1dW1nVJaDn-bJ582amui3n0ekgrnaXW9aw5J4?ext=png,Legendary,
481,4JhiA9m6ckBi7gZDbMJ71FpqJJLSyqwdq2LnDC2jtyx6,https://www.arweave.net/YEPOIz-V_lA2fBrC_OTI_Dv3lMFWO6Va-Z037ZV4To4?ext=png,Legendary,
482,4CAC5jkVAhZxWnrd9sA32ARXDLFACFiv6wLBgeBfYT1e,https://www.arweave.net/iHrgZ_1T0wMOBqMp9l5fsr2tl4isVuMmIj_f3-45UeI?ext=png,Legendary,
483,6qYh3Piz89pgDfZCNtfcrtRtVhAMvLxZMPYKHbo4CPT6,https://www.arweave.net/Fa7laQb0oTeja4oGtDMP4qmri7TBbmHns9PE5lERvAM?ext=png,Rare,
484,7794mFxpeP4npX9agTygDvRzEDEP2HQp8vuh5FXJq4m,https://www.arweave.net/rg2y1INja1NbXabJz7osnEPzvQMJMxkbWkThq7E1I_8?ext=png,Legendary,
485,4zgn6HqKBtUYmoxg87sJQRtoDAsUtgS9SnbkKPvWefNj,https://www.arweave.net/Ya6iHLSzU9myHmpjsPMknSbIUcvSs-GQqy2lOIgow3s?ext=png,Exotic,
486,BzqcRqzgW8ft9xEZPkkHjTt9LPopzNLP2ZvpKdu2joGn,https://www.arweave.net/fHw0B7oGwRbb2kYZJp6sPLzqwggc6Ws8Thik9aBWXKE?ext=png,Mythic,
487,HrAyEAJ85XbUKEQDp5ZPSjkdUdzYph7kmkGAWCpMV2ed,https://www.arweave.net/kxCOOF4B0iTSYvzDrzhi5covR44qiX7aLXfWsA2Nyg0?ext=png,Rare,
488,CpmiDaHD5iorQtPCRf6Tt8fgy4Xw8vbxYRbFE8sC39qC,https://www.arweave.net/O1Gru3t5aEm7f0y5mrNfw-akURRk3z3XSo_Obfd7foo?ext=png,Rare,
489,A3PGgC7bGbtziqCM2w24M4wdVi7wf82UqfCW1zZ4Y3c,https://www.arweave.net/Bp39a5ZNEMMBGcTNJhQJ_PCkTpC0UYsGxjobVSZBFtc?ext=png,Legendary,
490,HNsnJ63bLSqaChpiAwBjDQe6CqCJA64ZmhNmqBijTXUG,https://www.arweave.net/qjX33Scuq4d4VWiy7Yb3EJmPxyhbF-8rbhKNFee1mMI?ext=png,Rare,
491,Gmw6bSUevSYCFRFZvoPLko9Kaae1GciR56tscVmrnABz,https://www.arweave.net/0gEFu6S20c8NT1f3p9LyEihGavRw7xUZA0dBeHTJm8M?ext=png,Rare,
492,GDdAK5iKmRnc7i2JP1ZpHhq8aind7aqx6TrsDdeb9hnr,https://www.arweave.net/PoY9FdJCGOwD_kEf1hgGo5zvyZ5kOSRqKbrOYc4D3gQ?ext=png,Rare,
493,4D71GsTmkQiPBUjQ3dNuWuDorXqAnb7K8QhXu3CF89qW,https://www.arweave.net/chJFW3MUWHIGwJM4cLnTW70SVzwR9h-ERIh9KQwIbvo?ext=png,Rare,
494,2sxAQTinaEy41UVCw5rmenTezQdT5ydLLNU2uHwiU5db,https://www.arweave.net/lGYu3m_8TcWXgL8w_M-AmHnsnYvTjvz3wgYbrHan3AQ?ext=png,Rare,
495,HTTa35FJiJ27h6JPRduZtoHvj5PBQaeQqdAo5sirGxgy,https://www.arweave.net/xMrGTx8tKd1yYhexShpmMC_UsXCsde4nV4uuA-uUPSE?ext=png,Rare,
496,AXYB3gyR9f3Fes1fBCp8mRsVGCmgG8G7NwZX1MN4S47L,https://www.arweave.net/-zlYFDRCg7C1mIbGskZ67kSeYWg1ho-ix6ssemUXkSo?ext=png,Rare,
497,A1QyLNWWwKDiEW2XsU1aDX2rhLAYjt3ge2tcbrTRbXgN,https://www.arweave.net/44atTzXNcdt0lPV6NYdgWMITNwo9YusZNM_4xE0REg8?ext=png,Legendary,
498,CergHJcdsQQaxpjVTRctFDR4NnZqa8SVJh2wqxqxkB8M,https://www.arweave.net/2m88wQ5tcKG6gAx4F00aT2SktEaSzOQ5GEQHLYJaiHQ?ext=png,Legendary,
499,C85fWhrMbPqeb5za9B9k39mNRge2oSrDNaPwai6qNiZS,https://www.arweave.net/_7OyBkP7Kcr9sxVHmWHbUmp-IzJOGpRbB2sYDA8rF60?ext=png,Rare,
500,EUzPRztM7Z7T3d6hdN9nL26xmWGdMGH8uao3v76kjoXV,https://www.arweave.net/2TaSTMzMkyh9carzI92xfvsdYEWxhjcmeec2Hbqzym0?ext=png,Rare,
501,6MxmQeNDkwuEuWNaoKiapxDVGCSyjSHPMrCQwmpSqoCT,https://www.arweave.net/v2LepMPPuOSrF3l3SqDO_NWznsVq6ZvaFZ-m7ciF6Ec?ext=png,Exotic,
502,FFX7nzdw91FXs5kAcVnibBdmiuFC8nn927KPQmz4uqRw,https://www.arweave.net/lJlN49EgLpak4nxTdrew2X2mgfrieEwCPwHoKylAgUI?ext=png,Legendary,
503,4EqXxVB8tA1RiRR1J62TWoFDCKrGG4Dw2Qjm5jZvhuv6,https://www.arweave.net/rKnylte4KRfjj93K40dUK2PY3kdWYw_nu9X03uZM2Ls?ext=png,Legendary,
504,7XQxaYxpMTAGqGav43YBFyFCPcVZDGavqKmeAr3HgbDo,https://www.arweave.net/Je39C3gmHxgwSf62grJShjKv-ZL8Aeb6-IKaZS2tuvc?ext=png,Rare,
505,7rYyhJhWiW8GJSiLdp9MfAc5ghpFomwYrnrmBSCjSdAZ,https://www.arweave.net/qwzl8yWTUy4L-hF2yjQLFqsnI0G6y_bE6Gz1FoS8uQY?ext=png,Rare,
506,DdZAvAdKHfPv9ctZYJBkjkYW6qwVRYpUqvXtnsxQvLwU,https://www.arweave.net/i5lSOyhafTEicDDY-mHPrS5-N-tgppU_zNJ8atTQJc4?ext=png,Rare,
507,J54TngNEcXQbpDyawdio4fK4s1hEnKhDexpWKhgBXucF,https://www.arweave.net/yGROQZLFGImMZw547QmQjzEVfpoHWA0nMNU0NHGbBGA?ext=png,Rare,
508,7A5LbpiCmme3qQCvLpcCdpDg3mW4S28HU49gzy9D2qnT,https://www.arweave.net/LlSPoZrs_lI-qstEV4hIGZavSiCCqyX5DSOoAD49MIE?ext=png,Exotic,
509,GyXhXcULSMu5R34XiC6qHyEZ3iTupUHtqNMtYqSPN3vM,https://www.arweave.net/lB39hTOF8ncyzUkNpjLhozxkXNpz2f-jdCEfoHFsHR8?ext=png,Rare,
510,AuEAK9FJmELxR1SNi6eDx9NWRuLUBe3tPwcSTzvzeUoo,https://www.arweave.net/o-oGtD5dU-gNBJ6p_ZNTOeQsntepGaYAkzI6tL1jIKI?ext=png,Exotic,
511,74Ea411sPmzpb3RQb3K2MfYEw7cxCQGEwkctXz57cBbA,https://www.arweave.net/6WmwxRh2cX8FwaaTjMYxLlmwNxt2c28ProG08bxBiDc?ext=png,Rare,
512,5zA7KK86B8kWog1vdefViXZrjgQ6Hs2uJGqGP8hntPc1,https://www.arweave.net/cLfMKfjRwpX0PuqFHOmmGe1oCuewz0abK8fJTT7lHBE?ext=png,Rare,
513,G4zyT6YYw4y3C8MMXsQ751HtKFQJ6ADiFhqvRJizomA5,https://www.arweave.net/lY70iXYZ9CtvnwMXBnaw9prWIguE5idJM8Tc5l1IhnQ?ext=png,Exotic,
514,A69iv2W6cjmZJxhK6TjkJx5u7tRnjxaYRVvShJDXAhA2,https://www.arweave.net/_9ZVlxHF7YLz3vO_6TfMspnJYCqSop-KFx0xpcg8m7Q?ext=png,Exotic,
515,1498tJmoBeTYLkQMwB72H3zZB5jtc14GJX8szVxB2p17,https://www.arweave.net/JuR7EdIm7jgk3zsYtuxeeSv2fXjGd9RXcKjUB6CWnDw?ext=png,Rare,
516,GC58wjuYq5RcmpWy9m7bfUdY4tLt9CrX6nDd4Dthbm81,https://www.arweave.net/QVLcjoHPrukZsFtBq_XUTKxAmCk9uBfWJ8Pb_LbvJgM?ext=png,Legendary,
517,4quHdd4zCBsXThiVn8heY37btnCf9BAADpAKokakcsTg,https://www.arweave.net/yWfy2Me-nsotpB0vpTKn50dY0wIW_6-sjUjkv2Mk_6k?ext=png,Rare,
518,C8ZsN3wp91AdYScqZGm6Dp4dGiW39DjsiFUwuWVrw1Av,https://www.arweave.net/39L490PS5g0eOOmJmaSrnDNgKBH4Tl5r54vys-B4Jqo?ext=png,Legendary,
519,BoB9E5posjuAed8sgizRfMgKJFNN6d5dzivSMXAov1rJ,https://www.arweave.net/U5-wPyIchOUyt9qaHZ8-iuFfUjfhLYfaPJ-RNnrBVrA?ext=png,Rare,
520,8rjyfXf98fEdWpNCCXjFcFKowWr65zFRLvyYFZ83Weyd,https://www.arweave.net/cHGW70oqoyxPtLOzEhJlT8-qTYK_2Yz7h4fmr6cM6Qs?ext=png,Legendary,
521,7Sc8cEg59FSwKtsUMepSLCZ1vUhwUPFjLCuwCsbWujo2,https://www.arweave.net/ogH5NQo3ku6KFE0zm5oBALpej1ARiK9-Kw3rjtEKPJY?ext=png,Legendary,
522,3qkgXxKB3yh88TkQwsKMHY37uJEeggKUBhhJGaz7yhYa,https://www.arweave.net/LJmckSuOv1rnMDrpml3CI9qpfny7bbXS0KMvo6VSGUw?ext=png,Rare,
523,3tb6sUp3PRwgDrAGwKvMVKEwh2RQKHsBN8LfzGgbZcRu,https://www.arweave.net/mBlxlyH-y15aPQMGJfmUKLUCpF7ISbPNsH0ctC4Dqto?ext=png,Rare,
524,2AyNad9MapXMHytZxQaGrNPwRDUQuj3xJuPrryJG67As,https://www.arweave.net/KxcVoU4Fzomf257Qxf0Bn4v1C12OQG76QYrcxd8zR4A?ext=png,Legendary,
525,3ttGd22gkcV5K4k5qdEj7yr4XNrPsFkBFfq6K79y51RF,https://www.arweave.net/OWIQNix7f4KfMXm8y0i6UH5t1xGuEvURn45rC5s8JK4?ext=png,Rare,
526,BfnCPXVdDnBcTtcV5S43GHJXegHEdw5sKBs6hn9aUwKS,https://www.arweave.net/cd0hsTzASAO2GNU90lhRrij7KSdWDGCRgPttKJgQ4ow?ext=png,Legendary,
527,GrQXHS2tnSA2CNNZumFAuhaMjudXfZMhKSjcEaQ2aVPd,https://www.arweave.net/3XYgPiKweol7IwzLR8AxDZYk6eQraRboqBDzQE4y5tg?ext=png,Exotic,
528,6m1rUazXAZTQJEoPUza1ywzY183en84VwbLumrT6UXQw,https://www.arweave.net/4FcgdEXtUjcL4rejA2yg-FD7-juwLiBjldx-8jxj2O8?ext=png,Legendary,
529,5tD3wBseSxCxCdMPewgBLrwxF7fGHiTa8zkur7iH8r3L,https://www.arweave.net/D1CZi21-XNJefyMKgZvetyNkBPfm5vN4hoSTW789txI?ext=png,Exotic,
530,H8rvNM568BSy9amCaCDJ74a1vk1TvZ88LS7bU7BsPiwu,https://www.arweave.net/gWSCkEyVAi-142OJyIdvFFllbeE6O8OoW2LfafbnseM?ext=png,Rare,
531,FLNj1xuxE2iMaz8w5NJhEUUuchwp1wF29grfH8irJ2RW,https://www.arweave.net/Zx6OKPMPsfsMcwBHn_f3MpBHm8ITuXKfTGHJEh90fhw?ext=png,Exotic,
532,B7zfWLymJWQbXQT6yvBn4Kg4TCmyd2gkYqvYuNwnvn1B,https://www.arweave.net/L6T9LiAnmevpDEmjL0N1Jbn06YFIeC3Wpageoq_2LV4?ext=png,Rare,
533,DfFpsxMyBbfEPVo1m4Go1sAV4aXQ3MrRzmmTVeHLG2PL,https://www.arweave.net/6U95uJOSJTFqQAuwWPDn4ih5fUkI6iQHOAUOFeoFJf8?ext=png,Exotic,
534,HJyGWdeLbaEn1JSypvNPyetbtAPHZaDVbsQhSNYxzGX2,https://www.arweave.net/Ly305H3juhOxeMds27vWx0zQflb9CfTLyyDO5Ka0kXA?ext=png,Legendary,
535,85yhrZBz32AU43S7nT7gh1k3au4Wjz9saXeerK25pPVs,https://www.arweave.net/Mdlw70Wy1_6D07kPhC7UP07dRx3GZFqQgrPue3rjFvk?ext=png,Rare,
536,5aSvw3kJWcUg1YNHb2oy8uUVwo5cftKxP5so6f8kaiRw,https://www.arweave.net/Xh6x00_XOnaUFHaASrSJsrVfairK16v0b8lE6_1nkLI?ext=png,Rare,
537,A8FXimz1nnq7ewCRbTypN4wQerhJF1RBjg4s8uja3YeK,https://www.arweave.net/kXh4KA-0zKZ5u1iOI4fXxkmB6jPA0UduFQ3zMP1lHno?ext=png,Rare,
538,CEsbDhk3zKycHcmNDwcX7HVpbxx98pajAgQnLk9wMZrV,https://www.arweave.net/Ry-vkQ9hsrTSJtLvkxVHtEymh6q0q5awjJRN4QAX7f0?ext=png,Rare,
539,8RkGTi5tFKoWMLHkS8XKHvx32HyskiJdrEz1rYKeWfzJ,https://www.arweave.net/iHO0xtluy3yVK4b2tiU3sdcmsCD5BjdHaeQewqPsZOI?ext=png,Rare,
540,Gn9b8b9zVtzL5R4C7EuKAGG44CtwpZRm1YUb5ZPe1DfK,https://www.arweave.net/BbqkZESL_R0_mrUdR0PZwUN-iTaqNdt1GWZ99zoSe70?ext=png,Rare,
541,38iVsxVPCzmS7nW4k8PSj8h3YhEavYJ3jDAHvB19Gh1r,https://www.arweave.net/fZnN23rcQfTvf2n-_7FLspWMAkehcLxiep3THx8wo2w?ext=png,Rare,
542,EtQGiGy8MgrojPMFCPQ58NMCkX8menedQh8YU73xCkbw,https://www.arweave.net/SzHRKlPsP-c_oLfnVqY_Td45ZRb3QJDGSU8-Ab-VGQ4?ext=png,Legendary,
543,3exTjLwh64MTAG4SJpEfYGshfEZLsdPMohcB2E34uk52,https://www.arweave.net/EO-EF7JzxCjdDzONivqVWySHBDWpJbxsDzf1yp2ckTY?ext=png,Exotic,
544,E43HEdkvSfVvB7jJ3JwKNQcVsb9Yn7ezDqi9cBfsZ14i,https://www.arweave.net/UpoW0hA8RAjRukMg4WSeMvDBTxtpX3BHhxy4cMbEMZQ?ext=png,Rare,
545,GNAtErLhezeMXaQF2zwwYYtrZeg1BiT3EySNMVEujKn9,https://www.arweave.net/Uut3FmQ0h8WTndEhjWH_ukWe5eGlZUTdS0yFKz4Sfno?ext=png,Rare,
546,B2isDmyk5aXfjx5oHiDgNLRfHjeAFwuUSPso8MKVJKww,https://www.arweave.net/prqVrcGkgDVkRjcXRR-s7TSWRg_PHCVYBdvjqzMSUiY?ext=png,Exotic,
547,8T4CJTkV6cnH5KeEetyuBLfyN9pDmeU6V6bzCe7dpDWS,https://www.arweave.net/AzwnZAZuVGnnR40QBC5L-Pyrlk_DFZqLwXKi3h0GpCk?ext=png,Rare,
548,42Jg3EXgmqT7WqkNshDuzx6L2qbdCmED7MbS4qy7c8ew,https://www.arweave.net/aTCI31zsZ7yBcLuEuAIvOIo-as8mdXxVW6X5_fKTknU?ext=png,Rare,
549,Gxg9v3vV2mKAS2PbRnGEq85eLmsUT3wdczoVw9DoQ1iB,https://www.arweave.net/ldwANk-mxqS39zS6eBZ2-zbzZncAgK_2JH13fpOFzo4?ext=png,Rare,
550,ELW2pj1ot9FrYXP6X8KmAKDbQfVYM6FU9xDb6kdU4cCd,https://www.arweave.net/P0GKGRbV9FDbo-DrBMgHEgBXGnsZeTkwuCQrVZBG1uE?ext=png,Rare,
551,9aUdoHM1yzAB8eGiMvTbjS3EqoD7sVwt9KNmMBrWcegT,https://www.arweave.net/QSJkmflawrBDwEDZdddhNlu5qWdW1j8Q5JsDm0a-NUk?ext=png,Rare,
552,AU8QXPBdFBe2VT3oQsbHFSPGQWMxoUyimEYXupSRpL8v,https://www.arweave.net/Z4uRg5rjeLNNwajRBDjInHrUwt5TYTKKloMHpGNkD90?ext=png,Rare,
553,GcKED8oFXbTJcEVWPQQikABvTVn3jGSnsQj4ytEK5WpQ,https://www.arweave.net/dH0YHrxaWdRrTGPFGTgaB9-auhfKS7k1c3ycr8bwr2o?ext=png,Legendary,
554,BFfaU63hm8hotMoaWu92PiNTddQ9d3i4STnJ3c5t5gfh,https://www.arweave.net/8To_aogYeKZPO1Bf9bF7Pl_g4f6tOhqNIK8y449zgA0?ext=png,Legendary,
555,2HujKmMBRGuJg9vx9WAzuQNLWsDfnDm4gD6PHE2Z6Lpu,https://www.arweave.net/cN6OG1OkgrNGMytKLUJqQRPHsjzDEKNFlS-hUe91Oeg?ext=png,Exotic,
556,41fXDCN1QCpGwrCaFc5TCnfYW159VHFM9BSPCXhgavm9,https://www.arweave.net/As01xEHOhvc8CCj069rWuGW1l8Ch_QNJoPdDF3AiISQ?ext=png,Exotic,
557,4g8uxB5EoMzA7UhRM1zGM1sZUz3aZxdxeW7UnJ2UNs25,https://www.arweave.net/9RtOMRWaI8ldAZgwba0AnckVdl5kgV8ZxJebh2EOQUM?ext=png,Rare,
558,8A7GiUiH2nqk2WJF6hkRV8SWxhA6m32WT7NyMYp4a6Kt,https://www.arweave.net/WdbkTxjcLEFv-vggcjJdLwM-DN3Lj-xuhXkqbFIGBNY?ext=png,Rare,
559,BCTAwNd5MiyqxeUqGDCZ8Yo9Lvaub9Ewoj4vV53Yztqc,https://www.arweave.net/e54h5R-AqCKrM_JnOzQTZJHMsRzuihCY6FAsfEhr9JA?ext=png,Legendary,
560,E3KswtWoG82rkiTQsmerk2hdNPkoduW21FQen18qcb1g,https://www.arweave.net/1YQ3WbiVgJ0lkBXiWndOOBvO1UHgkOXak5F6lurQKP8?ext=png,Legendary,
561,5sUthnv6YxKTE1FUKjdCgBgFs6MUKbkZ2KaGAfaJjhNk,https://www.arweave.net/kQoEyWLos5pJ60gJLgAtmsKhWPjZlVMmgJuB-jKhzeM?ext=png,Legendary,
562,DCLDQ2fzLLWmJ2BLnR9qY4gHpdPZdV44mteyWKwGsx8K,https://www.arweave.net/uPYvpLbPx9j5GvoW4mbVXfdCCLk-RyDrI--j7D38H7g?ext=png,Rare,
563,27YfUGE9qN8dv79D6ocWWxjM2neLJxwbSoeVRxYU7Xa9,https://www.arweave.net/ELXu8WNsm5Pwuzc6KZfWFLUkm1lJ7vgKWx8KNLAyInQ?ext=png,Rare,
564,45NSGLSXpc3aSYFjj9eDkWgauGpDW9gaDVoXhjaPSkFZ,https://www.arweave.net/KlouHCqctglIYFw22oeAfSEIi2_k4hvG4ISBV5EwHRs?ext=png,Rare,
565,9dTsAbd1x64huqMsxWLjonUoccrKgyGBLbDBfm8dWDoc,https://www.arweave.net/FAJR7w9zDru3Sl8VijEHK2UNbvj1BK3ItOokTTMLE24?ext=png,Legendary,
566,DAcHgtXv6FhU32ttQ1XjZVJrDX57Rf3xwRC6yU5gYCzq,https://www.arweave.net/_MV-cnmZg_fJpchua9pdfAhu20uQw3fW2zCA-f_Wi2Y?ext=png,Rare,
567,4yHwBdjj5xUsRR8DV2xRVMurhCYkxQgv8NUUNgAuB4aU,https://www.arweave.net/0t-whJzXg9n_JzI-cQDahLQbR6HesmtOkDI81vQSSIc?ext=png,Rare,
568,CpBbMDwchp8Lmy6sA3yyhgfc4aPWSdR8HqBRRJGSiGWy,https://www.arweave.net/HdIWT3S_QrBh3i8kd1xpPybELfaktRYRmImsIdiVlyA?ext=png,Legendary,
569,PR9fFJCX37awsUityGL1QTtdwVwTYRnrjXgVco3xig5,https://www.arweave.net/E2xv3nKufCIGIozbAH-_LCZHPskRO42b7qblR7kPzm0?ext=png,Legendary,
570,H7Ysqw3E3gRihgbGeRxQsZvwzyUtPNZeYty9gykafts5,https://www.arweave.net/AVlpaO4TAuqrlp6aFK1j0_vnjRmebw1v486cI7_nhnQ?ext=png,Legendary,
571,6V8LNN6WNsnbvs9L7fJNqdjMHb6dyKgPuQv8KpQKVKmA,https://www.arweave.net/kt1xPTGV6PqrRnN8djZYRj2S6_P_Ye2j2xwDUpNrAT4?ext=png,Exotic,
572,HnCpaxeJgcANU5Qsu8AocfcGu6bXtSZazqRDnsd68PTL,https://www.arweave.net/jljxVDCE8Q_PuM2DThaUmvVo482uj46mJlb6niLKwkk?ext=png,Rare,
573,CW2HgBYK7f5UjDtr5CNUcY9PfScuFLidNgtvGD7LErUA,https://www.arweave.net/LI_7Y3vpwZbxOIWv1sutXPpxA7-prrBl92tKXAGOzFY?ext=png,Exotic,
574,5sAecCbdA4bJ69Gk2Q1TwBUCaSRZYREgk8bR1HPkCKFJ,https://www.arweave.net/1KfuPs7IdPSqlcdpJbvyiJ6oOVmPnuO8XxnVXp866yc?ext=png,Rare,
575,64gSxBT6KXZBeTX4fWWr9GEU7MyEnZHESHU3HX4YDwBT,https://www.arweave.net/P_LXuXWd-pMKzeNG7iJZOa6ojIO5hkp8vA5IhVlhvPQ?ext=png,Rare,
576,78eu6t8V4VM8baKNdBjxiJqK9oUxveyucbYMKdrF5UvS,https://www.arweave.net/8UTyTwi4_FgXRo-n1ivQziktlHTWZKXOowk8EGZewrI?ext=png,Legendary,
577,4iAQaD8H8kkKmp3FKcSQXhPh52a416qCSV6ofZ3pjz7n,https://www.arweave.net/Z_Ic59fpkDCe0veE9_I5cpykwV8Y3wPG-SCiDrvVrn8?ext=png,Exotic,
578,8uLc2EZfKiwyMvhANzMJN86FRd3ezmDh8xrkpY6fESFP,https://www.arweave.net/CE_xMjqeJct6d666I1w4RJdgTc0AfznMKfN5A661YdM?ext=png,Rare,
579,5wxj39Zg9r1vwnyhFJwmh513sJr2V6TfFQww8H7AmGVh,https://www.arweave.net/mTXV-VhldF_iS4a1A5fwMGwUwpkwsP8PfwLcnSKLRWY?ext=png,Exotic,
580,46FTEE3cMsAUhbhVa3HzmxthKM9EqDxoWqdFcNQrkVa1,https://www.arweave.net/l6vVFiGtdxCZ0flJrSgsgeYLUXqa-4kc38_m7V-61HM?ext=png,Exotic,
581,3r98GK6Gdp37RgYcNc8tufFcu2pZdqFJPhmqhp8Go9yi,https://www.arweave.net/w8FFg0SSyviYXTcfJnn35gt_UM1y7ueb9kUGpS9v8YM?ext=png,Exotic,
582,43JaybQQ9ohCw5zhXLQLi1Z5bizUpEpJzuzuHnbkPorZ,https://www.arweave.net/wC3BoY6lIfZlSScef2fiUK0LfE1LV07uNaVOkRgPZHI?ext=png,Legendary,
583,3RnHGfwg4iYDu3QW73e826bZoQVrjSkXcmiZRKfMsCLG,https://www.arweave.net/cKtb1F3gcXAr5LenGCh4mx-cBx1ezanh2cyKejygyHk?ext=png,Exotic,
584,4exE34pE27zS7SfVpnNBaKWauEtWMNeoPUDdzynsMWd8,https://www.arweave.net/Kstnk6qT6x2q_YGqIX_k86kvOi38XmgX4ikOs-VrYmw?ext=png,Exotic,
585,7ceB58F37ArJcr3Fv9TGapXhsYa9RFxz4uGRHqkcKPJX,https://www.arweave.net/mxUPhg-jTz4rVbnx8Xmqvpn6BYRWDN_f6g2QMhGDEik?ext=png,Rare,
586,Gut7UDN79se52HsKhPnYNSEhXpMBBpsuQbr4QagW7sse,https://www.arweave.net/aVe_il33X25-mfPiU_Md91yxMEqCvGN4bs-vx8MCw3g?ext=png,Rare,
587,4fsJyPd7Mknh5FfhwKpv3ZxQudTLgXdYJbw1urgL8c81,https://www.arweave.net/p9zM1HQ0fVFBg6xAdqGQb0VNy6wAES53KvfPrYkFpQ4?ext=png,Legendary,
588,E4aHFVekMKYgCRwLuEXWpeuQ6yh8nVLiZgk1oNThcqyx,https://www.arweave.net/xetXsOJhEKAs1K25kWtJye_v28GZyZM8xrGt6BTiLHY?ext=png,Rare,
589,HhCsXL35krGshvvvuU1BRtPSLhqog9kZfFJc2V2w3vTB,https://www.arweave.net/9MiFUUti-tUPT17WMEtbUUyKW6fVzp9ashPbTqPdoU4?ext=png,Rare,
590,Cn3ACAvFGXJNbAmTRVwTnen7eaTptAmLhfGLa5z48LZe,https://www.arweave.net/rEEug15zrPceSQTKqowoNUEE9E5qWBDm_ryZDHXTaIU?ext=png,Rare,
591,44V9Xod5gKs62Z9xf2HXdF58vbBjxzYNnSV8vEgMPTib,https://www.arweave.net/qJLXVruQyyh-DlbqkqHlgwMg430V2dDv7xgD7_-PQ8A?ext=png,Rare,
592,CXbj2Y8dNvqvRq8oVfGJZ5TrGfQ8bVKUsQTbkjhQyQ8Q,https://www.arweave.net/rUVQ9M-9jijzJgBWmuLM_GQjHY5vhXgW1GKGGyXn3E8?ext=png,Legendary,
593,7iPZgB4FsaJfDsr1NLFay94mjRErPz5LMEhbj3hBBme8,https://www.arweave.net/kVq8jXfQAfDCAX9DOUGKwdxcehMYFipyIQmLLoQik4g?ext=png,Rare,
594,HwCCyHn66btdcJX1PBvyGbbg7pG5dNFYSb4UgCTAjZQe,https://www.arweave.net/YJfbtx4mCzdGw_brVpeQI02a1SefIEABrPfT0777KiA?ext=png,Rare,
595,3WYgURiWtUZW32wo43PjRJQ2EXeVAHKqDiHRCwLgSEvL,https://www.arweave.net/d5Azrv5bOrIeNohyYYxjhCE2t7O5tK5KO5hPszWKXec?ext=png,Exotic,
596,B89JC5B2zgG8uUvcGioKeHWHLrv3dpyf5XoqPJiYV8Qb,https://www.arweave.net/cFwtmD7JS7Iom_CjstYWIZX40i1wCa4bJnxFpO42eps?ext=png,Rare,
597,6mcBg7zCh1y1B2KkR3Xc8YebHhQPFGVfUxZbKVnnTxXZ,https://www.arweave.net/9ugocBTXp-gEZsVmLvha1KiQ3IkjnsQbBu0lQCRbswg?ext=png,Rare,
598,Gm9qCPAR2f6hzqJQ6fSWniC5wmwykg85j1s4jfSCaSBq,https://www.arweave.net/y5iA_H_bzuX9Ua__03S2WhiTFCKW8mIHiAObZ3LMokk?ext=png,Exotic,
599,GMgyyDMa9BJcm7aRkqdGTj8NFuqw1r562GQJa7EEE6YD,https://www.arweave.net/VR1n1fkGfb3WXzFB78ubzskhE6TBRTtcxHgKocXFKxA?ext=png,Legendary,
600,BSHZ5yYxS34XYWqT8myXZnS96zFwmj59Cj9EJhBHuJke,https://www.arweave.net/oIudKnA0WsZ7OmZvQeY5vT8vejqOJ8wtXoyI44gbBlE?ext=png,Legendary,
601,6YFXUJhDKHKaVT9yqjmEEBXucY6NGzL3TsHSsL8jEnEi,https://www.arweave.net/YSXNZvEAqrkVYJ08v1WkpYr2htDxbZQr8ljo4AfLe6I?ext=png,Rare,
602,EF3ABszFh6hWAHK62x9DHzdqws6rrqUVMKpNXjyUmCDW,https://www.arweave.net/f2LwxORB6MdOxp3YMGH-aD1hH9PA71o0QGZ2w-DYNvk?ext=png,Legendary,
603,6CdtTGJaPmp1sWmzQZUQeEMYMHLBpwMNCVj5JGRSRiek,https://www.arweave.net/DiJqalPuuRLpNkpOYbtF0yQ-VTqWT8eOwgqxKTgcGBE?ext=png,Rare,
604,E1AYRcaeok4VVymExGwpC52oxC4JR2mXtgovHDs2QSnf,https://www.arweave.net/0IB6czxnCeDctWjUbyi8Ll8A0_qCwU90lbKDJqboTIQ?ext=png,Rare,
605,D5GMDj9FLgGgGxQp4X7NGgDTW5pQ5TeE2aANuhPShPz1,https://www.arweave.net/-cnT5uVdEgxIoryy5ZcpSNDCXqLQr5cxLdMpRbSOiDQ?ext=png,Legendary,
606,GbiHQpZgHWMA5ekQaDq3VAGbzD6SWEAxLLdn4RQKShkL,https://www.arweave.net/D3YEmbvQwET72P3Q-2F9KEBgjK3zKFDY5ccECw2K5xk?ext=png,Rare,
607,3qjZUG5uv36GpMB3H8PF5HTYDsr4xUmiyaGQ995dUJ3w,https://www.arweave.net/4DJMIGtavQnRNoiTvb5d4Soq9VCKx_l8UiCzFkOpg2c?ext=png,Rare,
608,BY2ZuNkPfKmRvmh7BJHrhHxsYdnAmVdEEJ11t8ULK6vh,https://www.arweave.net/knwdQU-Bi5P8iSOuMIPDHBigxvG2JrlkgkzyJFKowSU?ext=png,Legendary,
609,6ig2hCbxXWtjde5HFns39HPnjdrjYDjnrGnZkU8zpcPM,https://www.arweave.net/CyBdYPOCqj2oBfFbNqLhSyRYZsX-ynFwtlFcpZEKJqQ?ext=png,Legendary,
610,WxhBcnnMWWXGyGeyw2H5xnXwLUuAJarJCQp4tBnwjCJ,https://www.arweave.net/d-YESTgAv1YFE7LV8RZBWyraj6Yo66PUDitYLOac-6w?ext=png,Legendary,
611,H42knhpP4mAwM2HBKz2t1errbFrfdd9Spbwj6cMw7t74,https://www.arweave.net/_P15qis660UZ8UTD3oVX2VbOTM9oUI2XzRZ8LD4gs8c?ext=png,Legendary,
612,6xfYMfs2ssisXajSiAEnJJ27NyqmDuyFsrmkT2kww3Bh,https://www.arweave.net/XGE4fSwYG9fczcZHM2-3Ns_AiJih6XyjZeahh-K1Vmw?ext=png,Rare,
613,CeNg6Ti5jMa6BF3QHk3TihbDRZ2M6ELo3wd6FBJFucqj,https://www.arweave.net/jz_DWobPS7RfcG4pOo5tKCATjviBGk8IBrq7bVkUW_E?ext=png,Rare,
614,8odqR7s5hLXH9MMiWYCkttHR5hwfAvmYjoAimMMjU5QC,https://www.arweave.net/Trf5HPs19GOBVjUyj6-0-sCaAg5ca44pRaBOnMaLOew?ext=png,Exotic,
615,63moSgHNS3G3EpECFd4HKoxYMujU8EMDUknKJ1mH7c97,https://www.arweave.net/VsbB-y30AW-cNMv3TbgbQJnw-pgGOngHEYYGTYdWttk?ext=png,Exotic,
616,9pWyebfv2vzA6ubRhytzzFQdxU9D3L3Y5VYMvBUPJQmm,https://www.arweave.net/cPrFj5QQi1iyJZ7ga49vNVtKHK3pipi1J12Ex3ry_pM?ext=png,Legendary,
617,456HQeSHrBuJWU88d7zosCYDKTkqLeXuDKdXM9GCNwDq,https://www.arweave.net/MP774GCBQS1-y0KfenHcxrOU1cXBQZytS7GskKSED3Y?ext=png,Rare,
618,4inffhBXcrxNv2BB8QcdX5t1khCauLFnDDKcjYsJgiXf,https://www.arweave.net/bqthUB5vTsLtUJw45mEiClnnlPwV1gzSi5P12RSuIUc?ext=png,Exotic,
619,GDqwYCAUyTKe8mSzSvJgQLHqsJGSCmurYUgrAojVwiVx,https://www.arweave.net/JHnfFNk6odXMM_jLsdsH4UIhoBtKenryACMeWZzuxDQ?ext=png,Rare,
620,6fwe7xoYRxw8zjgLuhLLK7vnWb1x9UPS9Jbe6PNTp87N,https://www.arweave.net/6uWZdZsw4nRA5-aWZJ8tbYlkv2i2hUwUGUbIY9Ex9gI?ext=png,Rare,
621,8BaxkNWBSfZnxLJgGEPomw5CH5hFmK9oov4t7PtAj3vG,https://www.arweave.net/QNnbpFRqmN_3gO7KPBZgZOz3S1S1S07ABIjyz-Vl8tw?ext=png,Rare,
622,8idj8nJeX6aWZdFcTSKTxFCHxufsnLURDmwsDtkSViKm,https://www.arweave.net/y34b1nDq4SlL3ih_enGdRndoEZ_sJAPh4i7I4VF0LAI?ext=png,Legendary,
623,35CWzoPTk2fHLjELLYf7dMQ7njYLAqiBS1eF3z6ZdCKQ,https://www.arweave.net/2UtcF7Pz6EEfCoahmDS5qQF4IZoCvtwkRHrmXIPrIgM?ext=png,Rare,
624,5P97yfU3KoeuP6L5asEz79Fm6mk1bsC67nmJ3bT3rZSL,https://www.arweave.net/dc1O9okj7Jq9tvT7GJL00DLoY0CiG7VxUDcx3PbaSJE?ext=png,Legendary,
625,Fny3M6trqiAipEskfawHb2QrczGbUpEhGSy2Ka81nroE,https://www.arweave.net/o2z1n0GRb5zRVva75ZI06YxGpDcOAjs-s_0ekZnuRek?ext=png,Rare,
626,FC4nrNM1vTcgRcz1KcKLVAZhBCYXsPpHiZEMjg1PVWMS,https://www.arweave.net/YKCKMjVD9-rXe-oGZxNpYTWXlnkupPA3iuXM8GHtA7k?ext=png,Rare,
627,6nTDgPg3W8qrvdJNLHacsYsK54zcyrgk3dGKpJSpcvpp,https://www.arweave.net/L1A73aC-d7i8gCReTG-nBhs8iMNzbBPYhErTPA_Nhps?ext=png,Exotic,
628,J7Ezpg7vBhCH45dR7R9iLpQxiGdn5tV9KqSgxdRFEfxQ,https://www.arweave.net/iQ1VzcLMI1sqitRqmr_zggGOy9nm7pC6-jKHKPe5kTs?ext=png,Rare,
629,51zEWd2EQzwjWSQVwxmzz8Fqc51Jeugh2FcWZBCSrznd,https://www.arweave.net/wZM8Kw4R_MIIw0jeeZflDR9oA1TLLIKXgUHNrcULjBI?ext=png,Legendary,
630,4oUpz5XKYQJ5bANHcRk2VM4dhav19qpiKDmCnEywYiad,https://www.arweave.net/4xYgI8ELb4e5i_2z_JrwJc1L7RkdTG8Pt79BXeYLshA?ext=png,Rare,
631,53SwCD66jEYvXGK8BkgopzsSAxvWBSitEsCywjSBWMGj,https://www.arweave.net/t2JOH2nKIEJDUWDZH9Z_H9EqaKZH1RX0MObaAAL5ajw?ext=png,Rare,
632,7XQU29a1FkLKSJnyJJyeFXEcW45ntoMDzmcgXfQqKTci,https://www.arweave.net/iakAGjOgyZd-TUgQ9F9Ke7_U0d7XM57ITcpLA9lFWb8?ext=png,Legendary,
633,AC9PwJNfQi3gMq63Ce7Yw2NYdBz1u97K6fJwVVsmv9PA,https://www.arweave.net/aM4adE1pq1FoMyQ2zG6a_ZRMyu9DhLT81YiOOtbPWVw?ext=png,Legendary,
634,BNfLtnfS4iE96FHnD3chfEKDdKYLZy4QZYDh6Bmd4YhS,https://www.arweave.net/cmKlMBYfId1Ip884450sTA3eGhOqdNGJ9ZM-ozAHgt8?ext=png,Rare,
635,DvjBLc6iZ3PjzvHi5G4dbm65BongN9D3UJbaSQZmcbYi,https://www.arweave.net/wP_BdQ02-Jgi4zZabBUaaeoMhNE2cIsD-UFMb00cfz0?ext=png,Exotic,
636,6i6CViMYby44mTtpJ2RpUAbL4LDVTWfarPXgheq4njQ6,https://www.arweave.net/dsmXgxEF4Aojk7QzmvUgBH8Pka7a94xLpjKBFNxDxBs?ext=png,Legendary,
637,8zUcLrQAUhsmQpW7dJHytXY6y6mWbWynri55yMFXtQde,https://www.arweave.net/Q-M07VrbT5rD2acguhvpXiWSSU5rRzkXnrByPj82wBc?ext=png,Rare,
638,DZJZyHVxink6yB3afhAEp6XKThDGUnYA7zcaMPQ55R2c,https://www.arweave.net/wjKxwQsHf_eBXL0DoMPZM1GYiREB668OPqywUB81_Ps?ext=png,Rare,
639,EjR573C6skiDn86cE2kWMSUiXTJvTDyMvug1ueGKrCTp,https://www.arweave.net/cGIo48jq96YNmzCs6VMXs6yG81bL2c4xwDPlBU5j1ms?ext=png,Rare,
640,6129u5uvwtFRuG6ZiGvYfscVYjh4RkToSo86U1zwzn4F,https://www.arweave.net/zb67rkNE6bKk2sjSSHLm7qTVtkU6b79YfCWAWkFTfnE?ext=png,Rare,
641,98APB4p4n98bTvbvpKKJuUG7gKRpUkFY4pSKYN7hHVMJ,https://www.arweave.net/hX4sTA4s6lUUdFbz_gQDVha1QoESbQYhBwj39VwxEO4?ext=png,Legendary,
642,FUx9QZgLGsAg1mh3weLkMu5oXaNgyHWBLWGusg37t9iq,https://www.arweave.net/5vKI-VDxIH-b36ETA6LRBn8prCbZ5QcRe7nnujlFSqs?ext=png,Legendary,
643,44yck5ugQBkdZb9n5icKM6WkRdD7eCSBBeqotgd46q7f,https://www.arweave.net/qOnNoYWhStouoD1OyGzD_TuHu1X066QHkOjbT7FHfYQ?ext=png,Legendary,
644,FmMmwsT62NtxA313NPnoMeyKKjHMK3JThVwNWb6yiFCe,https://www.arweave.net/0ebHIxm1PcBOkRLDwXDMYHWTPGZuIklk2Fq_hZ4yz6M?ext=png,Rare,
645,FDdfwjkMb918GF7oXkMx8ERWe2fUoBszgvRDsGNgnjrN,https://www.arweave.net/l0zw4lAe3CRr20ZN1N2Ex0X69DESJKEQRl914eosceA?ext=png,Mythic,
646,FvoWAi21uYdt33FxVy9Fsxc2gnqge3Nass5o3RYWGKNH,https://www.arweave.net/TlzAM8gNG9ouRrdMLJa2FYZx51uXNgWo1oY1aND4Yxs?ext=png,Rare,
647,9tfufxaEPEXAhFUBZdZtCYRnmcNquJCND8RqG78sBT5X,https://www.arweave.net/YTKH1XVH-3xg4CyGSotCdynLrRzOWgW6HeTYS46aUrM?ext=png,Legendary,
648,CAB9mkw8iHS5faecYtBWX4BvriYab8gCPrKKbmyfTjR5,https://www.arweave.net/Mr1NsVLmSqwAhfgfnXyO83o-_ZZT1b-mOiMNaACku_w?ext=png,Legendary,
649,6nPEUyd2WbMCJdK67nsS8uPtJFwtSHnNykphsUPT3Mf4,https://www.arweave.net/HS2Va2Ykryy5G9NrIn6xZGwlD8OhFr-ChHAOZFvbQ_A?ext=png,Rare,
650,B6omhjiMQwp3MAnGBE4scKqvv3ZPb5tTkuxz3NPsTbv6,https://www.arweave.net/sO6z_3Aea4Go1NItXjWOjJkfOWbmwB7bzJKbS8Ja6mw?ext=png,Rare,
651,B5zTXFihFvc8zqqoaGryUqpdweRhQCEWFnfPbEaThnwr,https://www.arweave.net/ZKUo1yBLI6SOIk25x1EC94x71Zs0i4VcB2bs2rmBmQU?ext=png,Legendary,
652,HoMM8aXnUMyJfDatAVu9yhPo64biGXoss7YHa6jzj8MB,https://www.arweave.net/7Y9xFsCG7NenUIaTtpygj9bUerYbc3W722ugQ1Z2-9c?ext=png,Legendary,
653,9TyZkAXsupFBM2AFqCCuEXUjG8LbHnmP5kbkifSrJrV9,https://www.arweave.net/FSRyPdsL_lxBpfLh8p0cpowJnGsAvGNPMcoGhag4490?ext=png,Rare,
654,BMtUpvakyp8sCuJqNsReLFR4ycA2aGSpNTSsyoxxKash,https://www.arweave.net/fpzTQefdkc4jUPZnCEZiQw6TFirxR8eJGxuc2aLGCY8?ext=png,Rare,
655,Bm2DK4Yg6rc6bUGX36ohoym7C3xgJ6VQ1NjkvVSmNQLi,https://www.arweave.net/SjRxoXWkd5Fe9h1RIOp4HbvKQa7jQzaSniQ__-nIZCk?ext=png,Exotic,
656,8zxtksGFoSdBsmKvG5fzK8Wqt1MDFK4wPvaFUUEvx6Fc,https://www.arweave.net/M8NgsOiOsHMcwNOYICMqPu00rBhu_fhdOD2qX8JMtMg?ext=png,Rare,
657,HfTQn84LiP7bd4Jg1z3By2nGRo6mzXPPuweZdBPUTrWg,https://www.arweave.net/SoLSXABBDIZ3hodTAIH4C2VyLid9wU1OXF48vTbreRQ?ext=png,Rare,
658,73H5DAnn7edWPZv5KxNJBXWTvyqCqeDTeWQGuXByYqsv,https://www.arweave.net/ZyGlNJvF6bGYpaguSLeiQt7XH8XnnzxsbzNZSc0H5_I?ext=png,Rare,
659,96PJXYJGSpXDWmAzQBVTdXugAwRyquihRA399r4Lu6p5,https://www.arweave.net/Qb2UOB7rM0PUFLXzd9z6hqQYooWP0GOjeEJLC0JKubI?ext=png,Mythic,
660,53rmU9cEBSacKCmfkuvXtzKJ1ysVRrkKg6W4Ghwbx6Gy,https://www.arweave.net/YAB9PzL4LHCAbHpkEBw422IH9ghg09ygIUGB2mDFUGs?ext=png,Legendary,
661,GDznsiNZpVZpjm6QWMpxayemqHCou64zPSknf82Mktav,https://www.arweave.net/LrEYpPW2pmZ5r6iOS2fCHAaF5cm0TEjcBBgUtDrOAVc?ext=png,Rare,
662,CvLu3fjDbp5L7FxNJSZGuqoNbgDfJ9fn8DeLpv7aScMs,https://www.arweave.net/brWpMmbVOWYv33kuhx2JIs0dV1L7Zsf9E5MH5NTAsn8?ext=png,Legendary,
663,2T7Co9STbiQ6soe15qSHYVcJM7tNYE41ucwYxAuvS5jQ,https://www.arweave.net/XVSye3kQNtP9cFHepS3PQviXaJz_WJ-ZDCaTZvIxxnY?ext=png,Exotic,
664,HSbytBpZ28Kg3z5vd6jj1XDw5zvQ32U7u1LcZzXoUrcu,https://www.arweave.net/QYoZWD0i5dMqJHOAFUGV8huB1SrZeMs_zKZv4--qhOQ?ext=png,Exotic,
665,FFPwJbz2Fqr7UaUz4ry3amZ9CCXC44MvZjKcrfaNqJdo,https://www.arweave.net/7q0Z0TTjLFa_OEsJ03Sqwe90pVcDCIdpmFmTaDji0KU?ext=png,Legendary,
666,2kLQSjN5RZQw2Fsw1qNxHxnip2cr41DM9TvivZajWipA,https://www.arweave.net/CkratzHRU4KRTv8qQKk_Ptn5pgUqW6XkL4MJfetBqJQ?ext=png,Rare,
667,FdTW9WQdbg1EsqiBTUdZ7aJKEJq7p1564hTbZ1taBGBk,https://www.arweave.net/2y_An9hiF9Cf31_qcCdpCdS_B3S7wIpZe9XXTsF_ang?ext=png,Legendary,
668,9eQsq2nGLTsg5TDLz5jTe735Nd9KRee2WgsCo233vKGz,https://www.arweave.net/hI4xZ7Ve0YKpoCxYSAklY0oDjW_dRqQjRARR0t0RwVs?ext=png,Legendary,
669,AhjdZDBcZ78ZyWMXca3NQRBMuoknfaP9YsFdm1zv4Dtw,https://www.arweave.net/q76bvFAdaoekZzMMZN61tS3Aon03ixybRHyrQl9O4cY?ext=png,Rare,
670,3nZDVZqM8zuTX4gReQ8oK3xKwxM2RBpLPvC8QMXKSC8L,https://www.arweave.net/P2osa-dv39qIhtn9A7hyYAqnZru8GdmpRXQtjS65U1E?ext=png,Exotic,
671,J2gzm5weSQxDUWP2stovvQpv8oLfqTmUxDvevTpgT3kw,https://www.arweave.net/zDK-FVXabxwgEHFfcWMLm6AsjHOKvNea8_4eHtgrr7U?ext=png,Exotic,
672,Fe8c9zeNToBjX73gcz8pPR9kQYvxQsmXTnsUBFsL2Huf,https://www.arweave.net/LkpEN-WtM_uxEhQFfYmevqHAgke9p40ktWQ8KIXEoio?ext=png,Rare,
673,7AFb8Gukag2vxVF5qhU6Fa71V4jtk7cPNNqx3ua3R5SY,https://www.arweave.net/JvKhfCJ91Si-N4o7tkmyU7AkoRRnz_5V2pIne_7zP_A?ext=png,Rare,
674,26Pbpe3S3FwFeA4iJvTsEHDtQd3ZM7jdVBgcpYzrpd24,https://www.arweave.net/arSth6-nXCmcn8qqTIVjm0-dVEf6i7euhUEldWVrees?ext=png,Rare,
675,GYxSoaNYDvzPo4aq1Poepqx2maeCoxmSoJyVkZ8uRSyL,https://www.arweave.net/6mPrgS6MBtXOUWxkJMLD2WjSt9l43IlbiHQsSMNHxLo?ext=png,Mythic,
676,DZzSBBFiHvhTx3zad9CK89PHBiqXxwrr3NQ7kGLQrqWK,https://www.arweave.net/QPML67MwGrrXdgxeLKdoR-pax1MZFI9aN79ENK8qV-o?ext=png,Rare,
677,31xFnQV5Y6aJWsjQnRqhekb6pKhjmAUkM3kyRZugEvNc,https://www.arweave.net/1lePNXhU5emss5ji_iVNRrvQjohccfIRYxEqYghc5iw?ext=png,Legendary,
678,5vd55aSCWEyeSt2wiQ2uS6maa7A47qmKwaJBr3JBQVm9,https://www.arweave.net/CuBzJR1KGY7JAjg7xEa4TcTGU93Hkx9Vj8M_SjFDSDk?ext=png,Legendary,
679,CGNcStiPM2UEgMPDMBzuRcjGNVLP7MQJ5U4K3UxQdfBs,https://www.arweave.net/0TLUePanJ1p7Nr3VixXbVh4dJiBWNc5GJiVlBbl1ALc?ext=png,Rare,
680,5rMSi8Y82vaa45Mc87h9URKmFVqENHdokmLyRpyDU7L8,https://www.arweave.net/amolZqkazHJ6XQynWgOpNgAveC0lqm7E0n3Yu-jurog?ext=png,Legendary,
681,BeFUSyxnAfz4k4LVRQwgpKektpxsdssAYmWzpVWakVR1,https://www.arweave.net/3CFT4F_N9dnCZ1kxGeufJ-odduVULKbAcXOO8L9qv88?ext=png,Rare,
682,srm14qLJffbmQETg3LYkrZAjTuD82PjeHu7nMXeUmGc,https://www.arweave.net/d_TF2mMICMeoIm3KPvawXmgl6nMlBpHL9bWzNI3h5KM?ext=png,Rare,
683,7Tk7ubSX6j53XR73qJJeDLV4mxgJ5oEMUtVoN4rwzKd9,https://www.arweave.net/eI90qxGyK6R_Ul0_0t5qhA3_4FtnujVq-7orTYXNdIQ?ext=png,Rare,
684,4Mjbm5RJXU8MYWe5Sjbi9V6uD1yuSbs1xzByEVvfEmMN,https://www.arweave.net/ycgcnNG4lW4mILCmPU4Nlfw897OxcfosermQxLZHStA?ext=png,Exotic,
685,CspzowjpnDsciZ2qqP2s5ChyWqBgtaRgB6E743FgMBtR,https://www.arweave.net/SP2r-I8IBsVlQSE4VBK9iGNsBWR39ZKPJik5YWtPCXo?ext=png,Rare,
686,C9nzqERWshiMu1Ae4o57cwEL6LnMDWkLqcZ3gp8GC3Qw,https://www.arweave.net/DdK4cvWRGe8PR2rElaA8rY8K3_i4HBOgP0dqz9i8fCM?ext=png,Rare,
687,7rq8VyifX1CBHXdAF83YbkwhDfrUk5gXfiPM6M1DLtxE,https://www.arweave.net/weMbtj6iNfeYF_bZrsZoxzPr1sr5FAypJlix510RTJ4?ext=png,Rare,
688,4GL8GGfXkSpXw5McP5mjWAuQpaJuqWr8iuapgg1gmMTD,https://www.arweave.net/FUEKW-n0k2d_6Mo3hLKhpf0p9MeObnxwUWR8_O7qw98?ext=png,Exotic,
689,JEHasbzh3NrSBfWd4ivxzkWjKKY7tWNnRMXHNt2TFfAz,https://www.arweave.net/47y0GidBT-7a2eS4i6hdPThl5D9lFQEQoaIHAdIOuGc?ext=png,Exotic,
690,CGnt1NGpkB6Fj44xigUdzfAfsHSydNBut68FFmqRac99,https://www.arweave.net/oRrcvAlU7NAVOcwIaUyNGRU3w0lRpJbA1dvgdYEWF8E?ext=png,Exotic,
691,HdwRWKpimVN4ikuPr4BL6NaPBkHhBX4LT3obBAHh8i6A,https://www.arweave.net/WMLhVDoeG3R0M6R2qCITXa2LGCBC-3tYNJki7DIJpdg?ext=png,Exotic,
692,6hU5nFx8vQ5U3FzU9qkBrA6FEYpPVTLxzJ2pNnZcLSSc,https://www.arweave.net/gN6lwPi8an6vGcHJjO77-YlumwxK8BzTNNh_0-cmpl0?ext=png,Exotic,
693,3hNa5kiytZQTw3k8UerCnHfiNDCpppuXwuKVqXjxtkBz,https://www.arweave.net/DNhKDh99N0sSiuuUjIHWRWfzRlZnphuPnT9EjWauWFw?ext=png,Mythic,
694,4LUcjk84wA2sPpmRRGH4GsPqpzsUzBB3mciMf3YcSmXu,https://www.arweave.net/PlPY9caLpMFolS51I2PQ8mHZ6uTDNNNKTjn4Np9lhzs?ext=png,Legendary,
695,DQ1mopytW2DQYMchaH2qd7KymH6N138Z5CRoiiH87Nqb,https://www.arweave.net/ksV8CUD_EsVW69TF1zFUa1jatdVkQ5B9WD5BOoi2Pt8?ext=png,Rare,
696,Ex1DLLaYXe6YNSKiLoM7bQCbfMK2KCAecK9vgg474KLC,https://www.arweave.net/UZV8G26_MSrE9CjMDuNwZZ-1FYatsb_tRU7-56_MYCU?ext=png,Rare,
697,De5GBYs6H4FwVrgCpWAHG1Y2Pmu9sNMKY3gQowJq7mo6,https://www.arweave.net/S4Gh2T2Gciwm7dXO5tQzVSobAY8SCUpvlN7U3tz7QOg?ext=png,Legendary,
698,Bpv9ADjGESbxsJExym4AsavzjeGjwJUTYqa7XsaLBWvE,https://www.arweave.net/suyUUHcIyVuDGmXpauPJvx_1QYj2OpdtPVToycRlTi0?ext=png,Legendary,
699,6Erxkd687Cn9wFDKvh9Bs2GDKPuDg3pgbrfgfsiMkbyg,https://www.arweave.net/CzaMhcB194PZU9TDsYjBUeJ5HrE-fpt8ppHChBo-WUQ?ext=png,Rare,
700,EXTC77fQhhoGbnBCFFQF55VrLgxogC77mP8CDLGh9TKY,https://www.arweave.net/wYirJpb3-p1qLDbwNjUdAox8b6hMuZTl8x2JO8x0HTk?ext=png,Exotic,
701,AjyXPPavofPMHxRfZj7HtCRLVHGJ1JcbxeDUf7Zzmdst,https://www.arweave.net/3Fb24qzp8crNGHLC729DYb-S4zwehMAPJmiCdWGbCL4?ext=png,Rare,
702,9k5vK3DPrjgzi4SG3GEKD2mB8Hw741BFtcdk6WuLyc9r,https://www.arweave.net/DkhT_kI-vAwupBE0k_gW5TfdLNLCdCV7IdTDdPAS0hQ?ext=png,Rare,
703,8qi5izjr2y8wizug3KvCzJvSLfehSss95A1FX7WEiPkM,https://www.arweave.net/LtO-W6khhxnrVktKncKANCErr-MQBioUzcFKXWpIo48?ext=png,Exotic,
704,McqyZkh7YKmcfBqQ5nScHxV59B8XF6vnuxK6gs4vBDJ,https://www.arweave.net/SlAgX4Xa08L5hZYwfFjxn8aErm8Q56Uts3fIjacl3-c?ext=png,Legendary,
705,5J7zSsgGiAzZV3rME4jU14a3D2h14JZespDAAmZTE9Dt,https://www.arweave.net/0-Tc0SOH3zaTs1lz4IetSwz05xmnoalzMBtwHRVQVt0?ext=png,Rare,
706,CKUd9Xnrety9ZjtAtgCyUTugKYhcEmATt8v8cZx4UKa1,https://www.arweave.net/-qhv9ANvUcrA5upnyFO3gGmIh-eopnPrr0cqPZkFNRE?ext=png,Rare,
707,Dn2jS4nfqdtVYaiowjCCUHRbMpvXVEkWgusoDDM2pxL,https://www.arweave.net/UH6Ez7YFU-TAqxhCuOFveLpKnVNOk0MwHmnTh4PC-4w?ext=png,Rare,
708,BgcibzRZKZgAcpE8kvoPKVGJGTedHGTefKaUWHMZHtDM,https://www.arweave.net/lFKMPhZucJ8RwhKW245WzLS_x4IG4voQZhWMm2G6vMI?ext=png,Rare,
709,FsGaSzuvmKiQxz8PguJbJ94gjHqQ5JD8STpnpWBbyKxT,https://www.arweave.net/0zF2HbdNrFO_KtQggZo_jjGss52GuCsR4o49QnL6ayM?ext=png,Legendary,
710,gWAch8fJSnLMHvdLQBoZqNyWGjqGyB3HqbvbbHtBnpu,https://www.arweave.net/2-TkBsiwOJlE2KFn-GTIP235yp1bjXEhRX4u9MiEOEk?ext=png,Legendary,
711,URQVz9vqP2osWWw5CMnBkZm3Je1pMoDzCVYqZYkD7aT,https://www.arweave.net/N5VlOUdcLW9JoIahCrtZ8auc90-VpuBIQWSpPIoQR2Y?ext=png,Legendary,
712,BEt7xvGEp18cbkLcahiok5346bpBAnx7BLzyVukYS9VH,https://www.arweave.net/V5MV_qQdkTc6UxLDnqsoOZ1MdQH3exFcQ1fqmirmrGs?ext=png,Rare,
713,DeXXUqGScgUUw4fxb493NBxWDPybYdrkSPezRjAiQikA,https://www.arweave.net/bBEKgPg0QYUsuPVE--AX4ab42X7hkIMC0fI4FuFsuZk?ext=png,Legendary,
714,HhLTEikMmaJCCPMipDB6zduWrBEEzu4qK92uoVBwtH4L,https://www.arweave.net/nTBkcRtYhLejwNcQXh1hmDRPv4FkUqFY0D86ZkEYxtg?ext=png,Rare,
715,C73Xf8XXAMPbFgkyG42nx85iChxXadosZTT4v6bVYf8J,https://www.arweave.net/FswTIviz1GqnoUKLAb4i6ViWnSjeUgXq4CxgB9FX2Mk?ext=png,Rare,
716,24s7GV6JqARkoj3uQZ54bq2rvdbCihGDvf3RW2YpTVhM,https://www.arweave.net/K72iS-WQrT7B4ONzm-FcW37v1np867cZwC2R6ODpWIg?ext=png,Rare,
717,HZvb6hH8G1voSCAUXhVdB4mpT2UpQXv8VFr9fPHW3NYp,https://www.arweave.net/0LGdmTyZ-OlWDWDjYaV33fQsUc5gchkWu7svR2YHKRs?ext=png,Rare,
718,GEzGWauvhiXSZ9XYRdsPo87nxGa6rFMqKem6dZPJ3GSa,https://www.arweave.net/0Qf3AWQpb7IlHONYreAFLeGbTIJDcrwLJndBcV3P3hY?ext=png,Legendary,
719,65dv9RiTLWbim1EBmbxb6Jbz2TiDNSyM2yLwwHZGeGUJ,https://www.arweave.net/R6WmmDnxoxmkkBdH4cEhs32JoS12zKjGNW5O6U0GEZM?ext=png,Rare,
720,5cCTn76hfBLjhuDb6BXv8QaA5H6sShXBXrLayB1gYb1i,https://www.arweave.net/rWTfJ7um4XAeRAJCF0MN0esV61EerI3KDIDE3CsMkLg?ext=png,Exotic,
721,Ff2izRYVJdq4vA6j57wXidqCnfjqicktZ81EUTooJSXw,https://www.arweave.net/6ZS45otieWxrk9bQD1wjI8_pngJUUB2CuK0MDLJwX7Y?ext=png,Legendary,
722,G8j5trjcnLvHbhy8hx87CVgDC3ttNq5CxtU6CLM3Z5Rv,https://www.arweave.net/NPdz9p8eQq6mHuJpMedcchLvsHt0Dyl1dqkf4YrTsbo?ext=png,Rare,
723,FguXi8tAHXSB5nXneXdA6jwMRuvrf88GVVsudspkAHd3,https://www.arweave.net/I3itt8jWDnBmGx3yLC6mXju1rRNEgiIjPpl4baRMxJg?ext=png,Legendary,
724,CDXpA3jkBUV2P7UGZJBvq4qvfXuGPgze4XjWLXmj4qgX,https://www.arweave.net/xwlYFcoYkJoxwKpFNdQGOBtWHswwDqnKhJ3G1UDgsu8?ext=png,Mythic,
725,AnKLbGzRv2kNnsN7UBbrDcM2rexTAQLMgVWebSwWSRYA,https://www.arweave.net/0fnYoQPvYLU3VPi-hAwkaCQ3M-y9_wppZB_LhF-bXco?ext=png,Rare,
726,BwjiJiy3TsdJyMMedZsG3zeJ6VFBMShVbFow68mUaoUF,https://www.arweave.net/Q_I0ZOMujMrnobNLmGY0gtgNgD1h_E1ebYYQuCbqxkI?ext=png,Rare,
727,28bLvCgS2F7ZyLg16vjrZrE6EhrdyE72J8PiDMhpqudd,https://www.arweave.net/u0mgljq7ZMbOJEDHEvrpYkto4jOwO0yWCQ7iG43InLI?ext=png,Rare,
728,8GHp5Y6ZtkZueC1GJxZomf4YPUFCV1qfZQvhAzrZjXqz,https://www.arweave.net/biffhKBiRgGQqxlI65VZDihlk5Eu_NMqaZFOy4tpJdY?ext=png,Rare,
729,GDK3V7cSanKc6pEL7ur37msA4AnNMW9Y5uXYVzWK6rvq,https://www.arweave.net/gkJAs4njn0J1_CLLGwpHAKlUsEae9pcv9KhbsyfiSwM?ext=png,Legendary,
730,32xp6pfy5cggDfACV2RnAVaC66CaNfmwqKhnQEmZfdDx,https://www.arweave.net/SOoyxeAgK3dKixetmXtW03IWPv8GTVf-hI1ekBirlTc?ext=png,Legendary,
731,7TXE1LCB4TxcRZWsBrTbFSEr3uaDyLiidb75UGLxxPX2,https://www.arweave.net/K4E2pN5ptlMX50yOz-642Af4snbVhuYTgxEFrix9RPI?ext=png,Mythic,
732,D4M4e7BkzZMYvq3GrRGC1qUy6yuNMY82StXBuveCokJJ,https://www.arweave.net/bygRxK_rYgUMYS_fUId3YbmUSQz12Jb5aKWTeOErAmQ?ext=png,Rare,
733,DCAw5EZWSu51udTt8y6HyE8Mr9rfyAkdiKkitJ2ZJW73,https://www.arweave.net/yLVd5yWgXnnHjr4izrVCg7dmu9Q1DeL2oIUiodsb6CU?ext=png,Rare,
734,ED6uktkfFjcRrB25Xu9UJxuAfSaeH4CTTstq4zQBaeiP,https://www.arweave.net/A_pb6OX-GU2z6aavRlLt0BhkuRIsoBVHMe__9uKEe8A?ext=png,Rare,
735,357G5h2QvwUvgp1NJP7etaPaAwyPiwSJvvNZdAjAzTrE,https://www.arweave.net/gh1dSOjLBnTTtribSK4W7oqxrj6To7xNesXsj4HfJlY?ext=png,Legendary,
736,3mtoafUU9oRTr21sBkN9qS6SFaXKef8S2Scw1t3zkLC3,https://www.arweave.net/MQdyNqFu3hfSEvrOYGvu94I0QHKyW9aaaFtPbTw5H7Q?ext=png,Rare,
737,HACVV1S1iHnSQGQxvSGYUY1EjwQSSraehiskZ9UrfZRj,https://www.arweave.net/tYlE42oTEf2aeAnHE5Bw9fWOitlx4I_7-5U9d1hQOOc?ext=png,Legendary,
738,4JX2ZMUrytHBTG5Ux5ebKPUWHWeVJdRpDPmNU3tvKSQa,https://www.arweave.net/PvdQNurNYamgVo9fJcacxIOEStMLxhWe4DluCmA0jig?ext=png,Legendary,
739,DxZ8XZtnit9KguquRG7xtcxq1hGjDCY7sUWfWiEPoMYh,https://www.arweave.net/xu-SH4B-gQDF94lcQMYOCaJkpzXLkRe5O33txcOoAmU?ext=png,Exotic,
740,3FKSCrbqx1B8DUfvWCBcMfV3KwWmbqXXXFeTG7Rpdg4N,https://www.arweave.net/cffYMLnqOO1FyxsQRCJaveUnDa9fVjnU-aYl43O2HZw?ext=png,Legendary,
741,GfcHnrErNiwjzm1DAeYQEt6Z7R6Gm5icDaXKoWvEEyex,https://www.arweave.net/gZQiAa2iTPNr5WZ2iHnxCcUk2XFPWo7ff4oh1cC5fzE?ext=png,Rare,
742,2Enw7EVk45HEXsYny6ziLZUyEsvYh9kPC6ANLQByZg5z,https://www.arweave.net/yAxJVp9XzBWfzxvkYPZBISm-Im_-HZ9KpHjQRmpM5W8?ext=png,Exotic,
743,Br1t7hS5MyUMqjB8i7pEwRjRte1nwFZqt5dNnADFsFB,https://www.arweave.net/GotuXgnJ8ZnjulbTQb6Lxay7u4yWcgNDWdSOkux53WQ?ext=png,Rare,
744,2SjY8N62suCweqk3HUKrcerxNs6y2Vy9foHpGESckfj4,https://www.arweave.net/k9u_PxujQliBp6fzC0AncYomH9sH-53Y9G9VjSqoW8Q?ext=png,Rare,
745,3ZuAnHQGC2ZxiCsiby8pLJ7txRvbpdh8BJVwCr5PcJmZ,https://www.arweave.net/tggH8YjZHuEcVjU1z1yiXsNSEc92yI72JDd7cmNti2g?ext=png,Rare,
746,AEgd3TcikBwEgoyHLptzMiLnyAVDcTr5kyEBpWtEzwUX,https://www.arweave.net/8KYCqaedaifKKdz3iJpacdrwo1ocnUbYWaWOkxlNuQA?ext=png,Legendary,
747,HGvHnCMcssqKYhiUWBXrnogQ8S4DWxffDaTUS4M5Ym7Y,https://www.arweave.net/J8LoxCbBmzbSW71BlveVS9f1Ec5EN34XBOLMBQ7Xd_4?ext=png,Legendary,
748,Cxp2roygmLFJHm2RzkLB98jNEdDcAeC2BnLiBphZczRX,https://www.arweave.net/3QeDSJ5ZINrqYuoEFud37kMrSSutbyI8sKthN8OFuRw?ext=png,Exotic,
749,7q3t7HGqSQGTvRi6NMxf3Qd7P4NpZhVFsfAew7WRrgkY,https://www.arweave.net/IjoYPIZHz3fw2ILt8LJfstd5ckJUkN4g4i1oMc7UBkQ?ext=png,Rare,
